/*
SQLyog Community v13.2.1 (64 bit)
MySQL - 10.1.21-MariaDB : Database - rydlr_new
*********************************************************************
*/

/*!40101 SET NAMES utf8 */;

/*!40101 SET SQL_MODE=''*/;

/*!40014 SET @OLD_UNIQUE_CHECKS=@@UNIQUE_CHECKS, UNIQUE_CHECKS=0 */;
/*!40014 SET @OLD_FOREIGN_KEY_CHECKS=@@FOREIGN_KEY_CHECKS, FOREIGN_KEY_CHECKS=0 */;
/*!40101 SET @OLD_SQL_MODE=@@SQL_MODE, SQL_MODE='NO_AUTO_VALUE_ON_ZERO' */;
/*!40111 SET @OLD_SQL_NOTES=@@SQL_NOTES, SQL_NOTES=0 */;
CREATE DATABASE /*!32312 IF NOT EXISTS*/`rydlr_new` /*!40100 DEFAULT CHARACTER SET latin1 */;

USE `rydlr_new`;

/*Table structure for table `advertise` */

DROP TABLE IF EXISTS `advertise`;

CREATE TABLE `advertise` (
  `id` int(11) NOT NULL AUTO_INCREMENT,
  `campaign_id` int(11) NOT NULL,
  `ad_title` varchar(200) NOT NULL,
  `ad_location` varchar(255) NOT NULL,
  `ad_file` varchar(255) NOT NULL,
  `ad_description` text NOT NULL,
  `ad_area` text NOT NULL,
  `start_location` varchar(255) NOT NULL,
  `end_location` varchar(255) NOT NULL,
  `start_lat` varchar(255) NOT NULL,
  `start_long` varchar(255) NOT NULL,
  `end_lat` varchar(255) NOT NULL,
  `end_long` varchar(255) NOT NULL,
  `status` enum('Active','Inactive') NOT NULL,
  `approval_status` enum('0','1') NOT NULL COMMENT '0 = pending approval / 1 = approved status',
  `sync` enum('0','1') NOT NULL COMMENT '0 = not sync / 1 = sync',
  `ad_file_img` varchar(255) NOT NULL,
  `user_id` int(11) NOT NULL,
  PRIMARY KEY (`id`),
  KEY `campaign_id` (`campaign_id`),
  KEY `campaign_id_2` (`campaign_id`)
) ENGINE=InnoDB AUTO_INCREMENT=29 DEFAULT CHARSET=latin1;

/*Data for the table `advertise` */

insert  into `advertise`(`id`,`campaign_id`,`ad_title`,`ad_location`,`ad_file`,`ad_description`,`ad_area`,`start_location`,`end_location`,`start_lat`,`start_long`,`end_lat`,`end_long`,`status`,`approval_status`,`sync`,`ad_file_img`,`user_id`) values 
(1,3,'test title','Campaign 2','files/SampleVideo_1280x720_1mb.mp4','','','','','','','','','Active','1','0','files/images/dummy1.jpg',0),
(2,3,'dfsff','Campaign 1','files/SampleVideo_1280x720_1mb.mp4','','','','','','','','','Active','1','0','files/images/dummy2.gif',0),
(3,3,'dsd','Campaign 2','files/SampleVideo_1280x720_1mb.mp4','','','','','','','','','Active','1','0','files/images/dummy1.jpg',0),
(4,3,'Title Test Campaign','Location 3','files/SampleVideo_1280x720_1mb.mp4','','','','','','','','','Active','1','0','files/images/dummy1.jpg',0),
(5,3,'file folder test','Location 3','files/SampleVideo_1280x720_1mb.mp4','','','','','','','','','Active','1','0','files/images/dummy1.jpg',0),
(6,3,'dsa','Location 2','files/SampleVideo_1280x720_1mb.mp4','','','','','','','','','Active','0','0','files/images/dummy1.jpg',0),
(7,3,'folder test','Location 2','files/SampleVideo_1280x720_1mb.mp4','','','','','','','','','Active','0','0','files/images/dummy1.jpg',0),
(8,3,'doc type file test','Location 1','files/SampleVideo_1280x720_1mb.mp4','','','','','','','','','Active','0','0','files/images/dummy1.jpg',0),
(9,3,'docs test','Location 2','files/VfE_html5.mp4','','','','','','','','','Active','0','0','files/images/dummy2.gif',0),
(10,3,'ds','Location 3','files/VfE_html5.mp4','','','','','','','','','Active','0','0','files/images/dummy2.gif',0),
(11,3,'Test Campaign','Location 3','files/SampleVideo_1280x720_1mb.mp4','','','','','','','','','Active','0','0','files/images/dummy2.gif',38),
(12,10,'test tile','undefined','files/VfE_html5.mp4','','','','','','','','','Inactive','0','0','files/images/dummy2.gif',35),
(13,5,'test title add','Location 1','files/SampleVideo_1280x720_1mb.mp4','','','','','','','','','Active','0','0','files/images/dummy1.jpg',35),
(14,9,'campaign ad test','undefined','files/VfE_html5.mp4','','','','','','','','','Active','0','0','files/images/dummy1.jpg',67),
(15,9,'second data','undefined','files/VfE_html5.mp4','','','','','','','','','Active','0','0','files/images/dummy2.gif',67),
(18,16,'a1','undefined','files/VfE_html5.mp4','    ','','','','','','','','Active','1','0','files/images/dummy2.gif',73),
(19,16,'a2','undefined','files/VfE_html5.mp4','','','','','','','','','Inactive','1','0','files/images/dummy2.gif',65),
(20,6,'test','undefined','files/VfE_html5.mp4','','','','','','','','','Active','0','0','files/images/dummy1.jpg',73),
(21,16,'new ad','undefined','files/VfE_html5.mp4','','','','','','','','','Inactive','0','0','files/images/dummy2.gif',65),
(22,16,'new ad','undefined','files/VfE_html5.mp4','','','','','','','','','Inactive','0','0','files/images/dummy2.gif',65),
(23,16,'new ad','undefined','files/VfE_html5.mp4','','','','','','','','','Inactive','0','0','files/images/dummy2.gif',65),
(24,18,'add new description advertise','undefined','files/SampleVideo_1280x720_1mb.mp4','change description test','-1.29078435543,36.7968177795,-1.29301538608,36.8198204041,-1.27242118301,36.828918457,-1.27224956396,36.8009376526','','','','','','','Active','1','0','',35),
(25,19,'Dorsal','undefined','files/Dorsal Digital Driver Final !.mp4','Content holder','','','','','','','','Active','0','0','files/images/braces_1x.jpg',35),
(26,20,'Mercedes Benz  Grow Up ','undefined','files/Grow up. Trailer – Mercedes-Benz original.mp4','The All New Mercedes Benz Actros. ','-1.26783394132,36.8117523193,-1.28259316338,36.8330383301,-1.28997274255,36.8272018433,-1.27984726802,36.7964744568','','','','','','','Active','0','0','files/images/Actros_edited_720x90.gif',79),
(27,21,'Power Malt AD','undefined','files/(15) Stop Selling. Start Closing. How To Win More Jobs Without Pitching - YouTube.MP4','yybedcrdhdvhdbjf','-1.49129235387,37.1942138672,-1.14256911039,37.1475219727,-1.20435424258,36.5693664551,-1.49129235387,36.5240478516','','','','','','','Active','0','0','files/images/728-90-jj.png',76),
(28,22,'Telkom whatsapp','undefined','files/Telkom Kenya - WhatsApp 30sec 4x3 DV PAL TLKK_30_004_E_T.mov',' Get free whatsapp on Telkom. #MovingWithYou ','-1.10375729371,36.566619873,-1.12297973806,37.1832275391,-1.46209581518,37.1846008301,-1.47856988136,36.5995788574','','','','','','','Active','0','0','files/images/PEWA-728x90',78);

/*Table structure for table `adview_rider` */

DROP TABLE IF EXISTS `adview_rider`;

CREATE TABLE `adview_rider` (
  `id` int(11) NOT NULL AUTO_INCREMENT,
  `trip_id` int(11) NOT NULL,
  `ad_id` int(11) NOT NULL,
  `ad_impression` enum('y','n') NOT NULL DEFAULT 'n',
  `more_info` enum('y','n') NOT NULL DEFAULT 'n',
  `ad_earning` decimal(10,2) NOT NULL,
  `ad_view_status` enum('n','y') NOT NULL,
  `ad_view_time` timestamp NOT NULL DEFAULT '0000-00-00 00:00:00',
  `ad_send_status` enum('n','y') NOT NULL,
  PRIMARY KEY (`id`)
) ENGINE=InnoDB AUTO_INCREMENT=128 DEFAULT CHARSET=latin1;

/*Data for the table `adview_rider` */

insert  into `adview_rider`(`id`,`trip_id`,`ad_id`,`ad_impression`,`more_info`,`ad_earning`,`ad_view_status`,`ad_view_time`,`ad_send_status`) values 
(1,1,3,'y','n',42.23,'n','2017-07-10 22:04:48','n'),
(2,42,5,'y','y',0.00,'y','2017-07-10 22:06:56','n'),
(3,78,10,'y','y',0.00,'n','2017-07-10 22:04:48','y'),
(4,78,1,'y','y',0.00,'n','2017-07-10 22:04:48','y'),
(5,79,1,'y','y',0.00,'n','2017-07-10 22:04:48','n'),
(6,79,2,'y','y',0.00,'n','2017-07-10 22:04:48','n'),
(7,89,2,'y','y',0.00,'n','2017-07-10 22:04:48','n'),
(8,89,1,'y','y',0.00,'n','2017-07-10 22:04:48','n'),
(9,89,1,'y','y',0.00,'n','2017-07-10 22:04:48','n'),
(10,90,1,'y','y',0.00,'n','2017-07-10 22:04:48','n'),
(11,90,2,'y','y',0.00,'n','2017-07-10 22:04:48','n'),
(12,93,1,'y','y',0.00,'n','2017-07-10 22:04:48','n'),
(13,93,2,'y','y',0.00,'n','2017-07-10 22:04:48','n'),
(14,93,3,'y','y',0.00,'n','2017-07-10 22:04:48','n'),
(15,93,4,'y','y',0.00,'n','2017-07-10 22:04:48','n'),
(16,93,2,'y','y',0.00,'n','2017-07-10 22:04:48','n'),
(17,94,1,'y','y',0.00,'n','2017-07-10 22:04:48','n'),
(18,94,2,'y','y',0.00,'n','2017-07-10 22:04:48','n'),
(19,42,2,'y','y',0.00,'n','0000-00-00 00:00:00','n'),
(20,39,24,'y','y',0.00,'y','2017-07-10 22:54:05','y'),
(21,96,1,'y','y',0.00,'y','2017-07-10 22:56:24','y'),
(22,96,2,'y','y',0.00,'y','2017-07-10 22:56:37','n'),
(23,3,24,'y','y',0.00,'y','2017-07-10 22:58:24','y'),
(24,3,24,'n','n',0.00,'y','2017-07-10 23:00:00','y'),
(25,97,1,'n','n',0.00,'y','2017-07-10 23:02:15','y'),
(26,97,2,'n','n',0.00,'y','2017-07-10 23:02:41','n'),
(27,90,24,'n','n',0.00,'y','2017-07-10 23:02:49','n'),
(28,98,1,'n','n',0.00,'y','2017-07-10 23:10:40','y'),
(29,99,1,'n','n',0.00,'y','2017-07-10 23:12:32','y'),
(30,99,2,'n','n',0.00,'y','2017-07-10 23:12:54','y'),
(31,99,3,'n','n',0.00,'y','2017-07-10 23:16:12','y'),
(32,100,1,'n','n',0.00,'y','2017-07-11 15:21:47','n'),
(33,101,1,'n','n',0.00,'y','2017-07-11 15:24:16','y'),
(34,101,2,'n','n',0.00,'y','2017-07-11 15:24:23','y'),
(35,101,3,'n','n',0.00,'y','2017-07-11 15:24:33','y'),
(36,101,4,'n','n',0.00,'y','2017-07-11 15:24:44','y'),
(37,102,1,'n','n',0.00,'y','2017-07-11 15:31:17','y'),
(38,102,2,'n','n',0.00,'y','2017-07-11 15:37:07','y'),
(39,102,3,'n','n',0.00,'y','2017-07-11 15:37:25','y'),
(40,103,2,'n','n',0.00,'y','2017-07-11 15:39:09','y'),
(41,103,1,'n','n',0.00,'y','2017-07-11 15:39:19','y'),
(42,104,1,'n','n',0.00,'y','2017-07-11 15:39:58','y'),
(43,105,1,'n','n',0.00,'y','2017-07-11 15:44:26','y'),
(44,106,1,'n','n',0.00,'y','2017-07-11 15:49:44','y'),
(45,106,2,'n','n',0.00,'y','2017-07-11 15:51:10','y'),
(46,107,1,'n','n',0.00,'y','2017-07-11 15:55:29','y'),
(47,107,2,'n','n',0.00,'y','2017-07-11 15:56:51','y'),
(48,108,1,'n','n',0.00,'y','2017-07-11 15:58:08','y'),
(49,109,1,'n','n',0.00,'y','2017-07-11 16:01:36','y'),
(50,109,2,'n','n',0.00,'y','2017-07-11 16:02:24','y'),
(51,110,24,'n','n',0.00,'y','2017-07-11 16:04:25','n'),
(52,111,24,'n','n',0.00,'y','2017-07-11 16:09:22','n'),
(53,112,1,'n','n',0.00,'y','2017-07-11 16:12:35','y'),
(54,113,24,'n','n',0.00,'y','2017-07-11 16:13:59','n'),
(55,114,1,'n','n',0.00,'y','2017-07-11 16:16:25','y'),
(56,114,2,'n','n',0.00,'y','2017-07-11 16:16:51','y'),
(57,115,1,'n','n',0.00,'y','2017-07-11 16:18:45','y'),
(58,115,2,'n','n',0.00,'y','2017-07-11 16:19:02','y'),
(59,115,3,'n','n',0.00,'y','2017-07-11 16:19:18','y'),
(60,116,1,'n','n',0.00,'y','2017-07-11 16:22:11','y'),
(61,117,1,'n','n',0.00,'y','2017-07-11 16:26:46','y'),
(62,117,2,'n','n',0.00,'y','2017-07-11 16:26:56','y'),
(63,117,3,'n','n',0.00,'y','2017-07-11 16:27:05','y'),
(64,117,4,'n','n',0.00,'y','2017-07-11 16:27:15','y'),
(65,117,5,'n','n',0.00,'y','2017-07-11 16:27:20','y'),
(66,118,1,'n','n',0.00,'y','2017-07-11 16:35:42','y'),
(67,118,2,'n','n',0.00,'y','2017-07-11 16:35:54','y'),
(68,121,1,'n','n',0.00,'y','2017-07-11 19:12:40','y'),
(69,123,1,'n','n',0.00,'y','2017-07-11 19:17:56','y'),
(70,123,2,'n','n',0.00,'y','2017-07-11 19:18:39','y'),
(71,125,1,'n','n',0.00,'y','2017-07-11 19:21:47','y'),
(72,125,2,'n','n',0.00,'y','2017-07-11 19:22:30','y'),
(73,125,3,'n','n',0.00,'y','2017-07-11 19:22:55','y'),
(74,130,1,'n','n',0.00,'y','2017-07-11 20:38:44','y'),
(75,130,2,'n','n',0.00,'y','2017-07-11 20:39:38','y'),
(76,130,3,'n','n',0.00,'y','2017-07-11 20:41:28','y'),
(77,130,4,'n','n',0.00,'y','2017-07-11 20:44:03','y'),
(78,130,5,'n','n',0.00,'y','2017-07-11 20:44:19','y'),
(79,132,1,'n','n',0.00,'y','2017-07-11 21:09:13','y'),
(80,132,2,'n','n',0.00,'y','2017-07-11 21:12:29','y'),
(81,132,3,'n','n',0.00,'y','2017-07-11 21:19:23','y'),
(82,132,4,'n','n',0.00,'y','2017-07-11 21:25:38','y'),
(83,132,5,'n','n',0.00,'y','2017-07-11 21:28:29','y'),
(84,143,2,'n','n',0.00,'y','2017-07-17 16:45:35','y'),
(85,143,3,'n','n',0.00,'y','2017-07-17 16:45:54','y'),
(86,143,4,'n','n',0.00,'y','2017-07-17 16:46:12','y'),
(87,143,5,'n','n',0.00,'y','2017-07-17 16:46:18','y'),
(88,143,1,'n','n',0.00,'y','2017-07-17 16:46:26','y'),
(89,164,1,'n','n',0.00,'y','2017-07-17 23:18:57','y'),
(90,167,1,'n','n',0.00,'y','2017-07-17 23:39:49','y'),
(91,175,1,'n','n',0.00,'y','2017-07-18 18:08:07','y'),
(92,175,2,'n','n',0.00,'y','2017-07-18 18:08:39','y'),
(93,176,1,'n','n',0.00,'y','2017-07-18 18:16:22','y'),
(94,176,2,'n','n',0.00,'y','2017-07-18 18:16:55','y'),
(95,176,3,'n','n',0.00,'y','2017-07-18 18:17:22','y'),
(96,177,1,'n','n',0.00,'y','2017-07-18 18:22:44','y'),
(97,178,1,'n','n',0.00,'y','2017-07-18 18:36:22','y'),
(98,178,2,'n','n',0.00,'y','2017-07-18 18:36:41','y'),
(99,178,3,'n','n',0.00,'y','2017-07-18 18:37:02','y'),
(100,178,4,'n','n',0.00,'y','2017-07-18 18:37:30','y'),
(101,179,1,'n','n',0.00,'y','2017-07-18 18:41:43','y'),
(102,179,2,'n','n',0.00,'y','2017-07-18 18:42:13','y'),
(103,180,1,'n','n',0.00,'y','2017-07-18 21:26:58','y'),
(104,180,2,'n','n',0.00,'y','2017-07-18 21:27:11','y'),
(105,180,3,'n','n',0.00,'y','2017-07-18 21:27:27','y'),
(106,180,4,'n','n',0.00,'y','2017-07-18 21:27:41','y'),
(107,180,5,'n','n',0.00,'y','2017-07-18 21:27:51','y'),
(108,181,1,'n','n',0.00,'y','2017-07-18 21:30:33','y'),
(109,181,2,'n','n',0.00,'y','2017-07-18 21:30:40','y'),
(110,181,3,'n','n',0.00,'y','2017-07-18 21:30:49','y'),
(111,181,4,'n','n',0.00,'y','2017-07-18 21:30:55','y'),
(112,181,5,'n','n',0.00,'y','2017-07-18 21:31:01','y'),
(113,182,1,'n','n',0.00,'y','2017-07-18 21:40:29','y'),
(114,182,2,'n','n',0.00,'y','2017-07-18 21:41:15','y'),
(115,183,1,'n','n',0.00,'y','2017-07-18 21:43:40','y'),
(116,184,1,'n','n',0.00,'y','2017-07-18 21:45:26','y'),
(117,185,1,'n','n',0.00,'y','2017-07-18 21:47:23','y'),
(118,185,2,'n','n',0.00,'y','2017-07-18 21:47:40','y'),
(119,185,3,'n','n',0.00,'y','2017-07-18 21:47:57','y'),
(120,185,4,'n','n',0.00,'y','2017-07-18 21:48:40','y'),
(121,185,5,'n','n',0.00,'y','2017-07-18 21:48:42','y'),
(122,187,1,'n','n',0.00,'y','2017-07-18 22:16:36','y'),
(123,188,1,'n','n',0.00,'y','2017-07-18 22:20:01','y'),
(124,188,2,'n','n',0.00,'y','2017-07-18 22:20:15','y'),
(125,188,3,'n','n',0.00,'y','2017-07-18 22:20:40','y'),
(126,190,1,'n','n',0.00,'y','2017-07-18 22:35:35','y'),
(127,190,2,'n','n',0.00,'y','2017-07-18 22:35:49','y');

/*Table structure for table `campaign` */

DROP TABLE IF EXISTS `campaign`;

CREATE TABLE `campaign` (
  `id` int(11) NOT NULL AUTO_INCREMENT,
  `title` varchar(200) NOT NULL,
  `budget` decimal(10,0) DEFAULT NULL,
  `status` enum('active','inactive') NOT NULL,
  `user_id` int(11) NOT NULL,
  PRIMARY KEY (`id`)
) ENGINE=InnoDB AUTO_INCREMENT=23 DEFAULT CHARSET=latin1;

/*Data for the table `campaign` */

insert  into `campaign`(`id`,`title`,`budget`,`status`,`user_id`) values 
(3,'Campaign Test',20,'active',0),
(6,'     isro    ',0,'active',35),
(7,'camp1',1000,'active',57),
(8,'camp11',10001,'active',57),
(9,'test campaign',22,'active',67),
(10,'    Nesco    ',1000,'inactive',35),
(13,'test',10000,'inactive',71),
(14,'   test 2   ',40000,'active',71),
(16,'             C2             ',400,'inactive',65),
(17,'  abc  ',1000,'inactive',66),
(18,' fardie ',1000,'active',35),
(19,'Francis',20000,'active',35),
(20,'Mercedes Benz Actros ',10000,'active',79),
(21,'Power Malt',10000,'active',76),
(22,'Telkom',10000,'active',78);

/*Table structure for table `contact` */

DROP TABLE IF EXISTS `contact`;

CREATE TABLE `contact` (
  `id` int(11) NOT NULL AUTO_INCREMENT,
  `name` varchar(255) NOT NULL,
  `email` varchar(255) NOT NULL,
  `phone` varchar(20) NOT NULL,
  `message` varchar(255) NOT NULL,
  `user_id` int(11) NOT NULL,
  PRIMARY KEY (`id`)
) ENGINE=MyISAM DEFAULT CHARSET=latin1;

/*Data for the table `contact` */

/*Table structure for table `contract` */

DROP TABLE IF EXISTS `contract`;

CREATE TABLE `contract` (
  `id` int(11) unsigned NOT NULL AUTO_INCREMENT,
  `contract_title` varchar(200) NOT NULL,
  `start_date` date NOT NULL,
  `end_date` date NOT NULL,
  `membership_id` int(11) NOT NULL,
  `upload_document` varchar(255) NOT NULL,
  `user_id` int(11) NOT NULL,
  `created_on` datetime(6) DEFAULT NULL,
  PRIMARY KEY (`id`),
  KEY `user_id` (`user_id`),
  KEY `membership_id` (`membership_id`),
  KEY `user_id_2` (`user_id`),
  CONSTRAINT `contract_ibfk_1` FOREIGN KEY (`user_id`) REFERENCES `users` (`id`) ON DELETE NO ACTION ON UPDATE NO ACTION
) ENGINE=InnoDB AUTO_INCREMENT=55 DEFAULT CHARSET=latin1;

/*Data for the table `contract` */

insert  into `contract`(`id`,`contract_title`,`start_date`,`end_date`,`membership_id`,`upload_document`,`user_id`,`created_on`) values 
(18,'xman\'s contract','2020-01-01','2024-02-01',2,'',33,'2024-03-05 19:29:28.000000'),
(19,'date test','2017-05-23','2017-05-26',3,'',34,'2024-07-15 19:29:34.000000'),
(20,'test title','2017-05-23','2017-05-24',4,'',36,'2024-07-09 19:29:40.000000'),
(21,'First Promotional Deal','2017-05-24','2017-05-31',5,'',37,'2024-07-15 19:29:43.000000'),
(22,'Test contract','2017-05-24','2017-08-16',6,'',38,'2024-07-17 19:29:46.000000'),
(23,'some title','2017-05-27','2017-05-29',7,'',39,'2024-05-15 19:29:49.000000'),
(25,'demo contract','2017-05-29','2017-05-31',6,'files/docs/1897434478_dummy.pdf,files/docs/829486348_dummy_pdf.pdf,files/docs/244887458_jpgtest.jpg',35,NULL),
(26,'jsdjsj','2017-05-29','2017-05-31',9,'',41,NULL),
(29,'ajay\'s contract','2017-05-29','2017-06-29',12,'files/docs/1636287014_Dorsal Media Rate Card 2017 - Rideshare (revised).jpg',45,NULL),
(30,'bina\'s contract','2017-05-29','2017-06-29',13,'',46,NULL),
(31,'sda','2017-05-30','2017-06-30',14,'',48,NULL),
(32,'Demo1','2017-05-30','2017-06-30',15,'',49,NULL),
(33,'Dorsal','2017-05-31','2017-07-01',16,'',50,NULL),
(34,'dorsal\'s title','2017-05-31','2017-07-01',20,'',51,NULL),
(35,'test title','2017-05-31','2017-07-01',21,'',52,NULL),
(36,'logo test contract','2017-06-01','2017-07-01',22,'',54,NULL),
(37,'title of contract','2017-06-12','2017-07-12',23,'',57,NULL),
(38,'Yogesh\'s Contract','2017-06-14','2017-07-14',24,'',61,NULL),
(39,'test title','2017-06-16','2017-07-16',25,'',63,NULL),
(40,'rfc','2017-06-16','2017-07-16',27,'',64,NULL),
(41,'rfc','2017-06-16','2017-07-16',28,'',64,NULL),
(42,'rfc','2017-06-16','2017-07-16',29,'',64,NULL),
(43,'tab','2017-06-19','2017-07-19',33,'',65,NULL),
(44,'title fot abc contract','2017-06-20','2017-07-20',34,'',66,NULL),
(45,'one contract test','2017-06-20','2017-07-20',35,'',67,NULL),
(46,'starc\'s contract','2017-06-22','2017-07-22',38,'',69,NULL),
(47,'me & my contract','2017-06-23','2017-07-23',40,'',71,NULL),
(48,'Test Contract','2017-06-23','2017-07-23',41,'',73,NULL),
(49,'price table\'s contract','2017-06-24','2017-07-24',42,'',74,NULL),
(50,'Scanad','2017-06-24','2017-07-24',44,'',76,NULL),
(51,'Mediacom','2017-06-24','2017-07-24',45,'',77,NULL),
(52,'Redhouse','2017-06-24','2017-07-24',46,'',78,NULL),
(53,'Express','2017-06-24','2017-07-24',47,'',79,NULL);

/*Table structure for table `driver_registration` */

DROP TABLE IF EXISTS `driver_registration`;

CREATE TABLE `driver_registration` (
  `id` int(11) NOT NULL AUTO_INCREMENT,
  `name` varchar(50) NOT NULL,
  `email` varchar(255) NOT NULL,
  `mobile` varchar(20) NOT NULL,
  `username` varchar(200) NOT NULL,
  `password` varchar(200) NOT NULL,
  `tablet_status` enum('0','1') NOT NULL,
  PRIMARY KEY (`id`)
) ENGINE=InnoDB AUTO_INCREMENT=10 DEFAULT CHARSET=latin1;

/*Data for the table `driver_registration` */

insert  into `driver_registration`(`id`,`name`,`email`,`mobile`,`username`,`password`,`tablet_status`) values 
(1,'lynch','lynch@rhyta.com','1122334455','lynch','3fc0a7acf087f549ac2b266baf94b8b1','0'),
(2,'John Carter','john@rhyta.com','1122334455','john','3fc0a7acf087f549ac2b266baf94b8b1','0'),
(3,'lynchs','lynchs@rhyta.com','1122334455','lynchs','3fc0a7acf087f549ac2b266baf94b8b1','0'),
(4,'pole','pole@rhyta.com','1122334455','pole','3fc0a7acf087f549ac2b266baf94b8b1','1'),
(5,'Martin Rock','martin@dayrep.com','1122334455','martin','3fc0a7acf087f549ac2b266baf94b8b1','0'),
(6,'abc','abc@rhyta.com','1122334455','abc','3fc0a7acf087f549ac2b266baf94b8b1','0'),
(7,'Ted Iro','itedopiyo@gmail.com','0729306047','tediro','b122a71c200336a0bc71b051f3df1794','0'),
(8,'bbc','bbc@rhyta.com','1122334455','bbc','3fc0a7acf087f549ac2b266baf94b8b1','0'),
(9,'Ted Iro','itedopiyo@dorsalmedia.co.ke','0729306047','Ted','3fc0a7acf087f549ac2b266baf94b8b1','0');

/*Table structure for table `membership` */

DROP TABLE IF EXISTS `membership`;

CREATE TABLE `membership` (
  `id` int(11) NOT NULL AUTO_INCREMENT,
  `plan_name` varchar(200) NOT NULL,
  `plan_value` decimal(10,0) NOT NULL,
  PRIMARY KEY (`id`)
) ENGINE=InnoDB AUTO_INCREMENT=49 DEFAULT CHARSET=latin1;

/*Data for the table `membership` */

insert  into `membership`(`id`,`plan_name`,`plan_value`) values 
(2,'Plan 2 ',100),
(3,'Plan 2 ',100),
(4,'Plan 2 ',100),
(5,'Plan 2 ',100),
(6,'Advanced Plan ',42000),
(7,'Plan 2 ',100),
(9,'Plan 2 ',100),
(12,'Professional Plan ',51000),
(13,'Starter Plan ',12000),
(14,'Professional Plan ',51000),
(15,'Professional Plan ',51000),
(16,'Basic Plan  ',21000),
(17,'Professional Plan ',51000),
(18,'Basic Plan  ',21000),
(20,'Professional Plan ',51000),
(21,'Advanced Plan ',42000),
(22,'Advanced Plan ',42000),
(23,'Professional Plan ',51000),
(24,'Basic Plan  ',21000),
(25,'Basic Plan  ',21000),
(26,'Professional Plan ',51000),
(27,'Basic Plan  ',21000),
(28,'Advanced Plan ',42000),
(29,'Professional Plan ',51000),
(33,'Basic Plan  ',21000),
(34,'Starter Plan ',12000),
(35,'Starter Plan ',12000),
(36,'Advanced Plan ',42000),
(38,'Starter Plan ',12000),
(40,'Professional Plan ',51000),
(41,'Advanced Plan ',42000),
(42,'Professional Plan ',51000),
(43,'Professional Plan ',51000),
(44,'Enterprise Plan',100000),
(45,'Enterprise Plan',100000),
(46,'Enterprise Plan',100000),
(47,'Enterprise Plan',100000);

/*Table structure for table `payment` */

DROP TABLE IF EXISTS `payment`;

CREATE TABLE `payment` (
  `id` int(11) NOT NULL AUTO_INCREMENT,
  `contract_id` int(11) unsigned NOT NULL,
  `payment_type` enum('online','manual') NOT NULL,
  `manual_payment_status` enum('y','n') NOT NULL,
  PRIMARY KEY (`id`),
  KEY `contract_id` (`contract_id`),
  KEY `contract_id_2` (`contract_id`),
  CONSTRAINT `payment_ibfk_2` FOREIGN KEY (`contract_id`) REFERENCES `contract` (`id`) ON DELETE NO ACTION ON UPDATE NO ACTION
) ENGINE=InnoDB AUTO_INCREMENT=30 DEFAULT CHARSET=latin1;

/*Data for the table `payment` */

insert  into `payment`(`id`,`contract_id`,`payment_type`,`manual_payment_status`) values 
(1,18,'manual','y'),
(2,19,'online','y'),
(3,20,'manual','y'),
(4,21,'manual','y'),
(5,22,'online','y'),
(6,23,'manual','y'),
(7,25,'manual','n'),
(8,30,'online','y'),
(9,31,'manual','n'),
(10,32,'manual','n'),
(11,33,'online','y'),
(12,34,'manual','n'),
(13,35,'manual','n'),
(14,36,'manual','n'),
(15,37,'online','y'),
(16,38,'manual','n'),
(17,39,'manual','n'),
(18,42,'online','y'),
(19,43,'online','y'),
(20,44,'manual','n'),
(21,45,'online','y'),
(22,46,'manual','n'),
(23,47,'manual','n'),
(24,48,'manual','n'),
(25,49,'manual','n'),
(26,50,'manual','n'),
(27,51,'manual','n'),
(28,52,'manual','n'),
(29,53,'manual','n');

/*Table structure for table `payment_details` */

DROP TABLE IF EXISTS `payment_details`;

CREATE TABLE `payment_details` (
  `id` int(11) NOT NULL AUTO_INCREMENT,
  `payment_source` varchar(255) NOT NULL,
  `payment_amount` decimal(10,0) NOT NULL,
  `payment_status` varchar(100) NOT NULL,
  `transaction_id` int(11) NOT NULL,
  `payment_doc` varchar(255) NOT NULL,
  `payment_id` int(11) NOT NULL,
  PRIMARY KEY (`id`),
  KEY `payment_id` (`payment_id`),
  KEY `payment_id_2` (`payment_id`),
  CONSTRAINT `payment_details_ibfk_1` FOREIGN KEY (`id`) REFERENCES `payment_details` (`payment_id`)
) ENGINE=InnoDB DEFAULT CHARSET=latin1;

/*Data for the table `payment_details` */

/*Table structure for table `riders_detail` */

DROP TABLE IF EXISTS `riders_detail`;

CREATE TABLE `riders_detail` (
  `id` int(11) NOT NULL AUTO_INCREMENT,
  `select_company` varchar(255) NOT NULL,
  `name` varchar(255) NOT NULL,
  `start_location` varchar(255) NOT NULL,
  `end_location` varchar(255) NOT NULL,
  `start_lat` varchar(255) NOT NULL,
  `start_long` varchar(255) NOT NULL,
  `end_lat` varchar(255) NOT NULL,
  `end_long` varchar(255) NOT NULL,
  `mobile_number` varchar(255) NOT NULL,
  `otp_status` varchar(255) NOT NULL COMMENT 'if y= otp is sent to mobile number and n= not send',
  PRIMARY KEY (`id`)
) ENGINE=InnoDB AUTO_INCREMENT=260 DEFAULT CHARSET=latin1;

/*Data for the table `riders_detail` */

insert  into `riders_detail`(`id`,`select_company`,`name`,`start_location`,`end_location`,`start_lat`,`start_long`,`end_lat`,`end_long`,`mobile_number`,`otp_status`) values 
(2,'uber','johnty','monty','tonty','12','13.3','23.2','25.3','789789789','1234'),
(3,'mondo','John','Madaraka Estate, Nairobi, Kenya','Embakasi, Nairobi, Kenya','-1.304','36.8246','-1.3327','36.9004','1122334455','1234'),
(4,'mondo','John','Madaraka Estate, Nairobi, Kenya','Embakasi, Nairobi, Kenya','-1.304','36.8246','-1.3327','36.9004','1122334455','1234'),
(5,'taxify','john','Madaraka Estate, Nairobi, Kenya','Embakasi, Nairobi, Kenya','-1.304','36.8246','-1.3327','36.9004','1122334455','1234'),
(6,'uber','John','Madaraka Estate, Nairobi, Kenya','Embakasi, Nairobi, Kenya','-1.3040','36.8246','-1.3227','36.9260','1122334455','1234'),
(7,'taxify','john','Madaraka Estate, Nairobi, Kenya','Embakasi, Nairobi, Kenya','-1.304','36.8246','-1.3327','36.9004','1122334455','1234'),
(8,'taxify','john','1600 Amphitheatre Parkway, Mountain View, CA 94043, USA','Embakasi, Nairobi, Kenya','37.422','-122.084','-1.3327','36.9004','1122334455','1234'),
(9,'mondo','john','Madaraka Estate, Nairobi, Kenya','Embakasi, Nairobi, Kenya','-1.304','36.8246','-1.3327','36.9004','1122334455','1234'),
(10,'taxify','john','Madaraka Estate, Nairobi, Kenya','Embakasi, Nairobi, Kenya','-1.304','36.8246','-1.3327','36.9004','1122334455','1234'),
(11,'taxify','john','Madaraka Estate, Nairobi, Kenya','Embakasi, Nairobi, Kenya','-1.304','36.8246','-1.3327','36.9004','1122334455','1234'),
(12,'mondo','john','280, Sarkhej - Gandhinagar Highway, Makarba, Ahmedabad, Gujarat 380015, India','Embakasi, Nairobi, Kenya','23.0005','72.4998','-1.3327','36.9004','8849728950','1234'),
(13,'mondo','John','Madaraka Estate, Nairobi, Kenya','Embakasi, Nairobi, Kenya','-1.304','36.8246','-1.3327','36.9004','1122334455','1234'),
(14,'private','John','Madaraka Estate, Nairobi, Kenya','Embakasi, Nairobi, Kenya','-1.304','36.8246','-1.3327','36.9004','1122334455','1234'),
(15,'taxify','John','Madaraka Estate, Nairobi, Kenya','Embakasi, Nairobi, Kenya','-1.304','36.8246','-1.3327','36.9004','1122334455','1234'),
(16,'taxify','John','Madaraka Estate, Nairobi, Kenya','Embakasi, Nairobi, Kenya','-1.304','36.8246','-1.3327','36.9004','1122334455','1234'),
(17,'taxify','John','Madaraka Estate, Nairobi, Kenya','Embakasi, Nairobi, Kenya','-1.304','36.8246','-1.3327','36.9004','1122334455','1234'),
(18,'mondo','John','Madaraka Estate, Nairobi, Kenya','Embakasi, Nairobi, Kenya','-1.304','36.8246','-1.3327','36.9004','1122334455','1234'),
(19,'taxify','John','Madaraka Estate, Nairobi, Kenya','Embakasi, Nairobi, Kenya','-1.304','36.8246','-1.3327','36.9004','1122334455','1234'),
(20,'mondo','John','Madaraka Estate, Nairobi, Kenya','Embakasi, Nairobi, Kenya','-1.304','36.8246','-1.3327','36.9004','1122334455','1234'),
(21,'taxify','John','Madaraka Estate, Nairobi, Kenya','Embakasi, Nairobi, Kenya','-1.304','36.8246','-1.3327','36.9004','1122334455','1234'),
(22,'mondo','John','Madaraka Estate, Nairobi, Kenya','Nairobi Upper Hill, Nairobi, Kenya','-1.304','36.8246','-1.2939','36.8178','1122334455','1234'),
(23,'mondo','John','Madaraka Estate, Nairobi, Kenya','Nairobi Upper Hill, Nairobi, Kenya','-1.304','36.8246','-1.2939','36.8178','1122334455','1234'),
(24,'mondo','John','Madaraka Estate, Nairobi, Kenya','Embakasi, Nairobi, Kenya','-1.304','36.8246','-1.3327','36.9004','1122334455','1234'),
(25,'little','John','Madaraka Estate, Nairobi, Kenya','Nairobi Upper Hill, Nairobi, Kenya','-1.304','36.8246','-1.2939','36.8178','1122334455','1234'),
(26,'uber','John','Madaraka Estate, Nairobi, Kenya','Embakasi, Nairobi, Kenya','-1.3040','36.8246','-1.3227','36.9260','1122334455','1234'),
(27,'uber','John','Madaraka Estate, Nairobi, Kenya','Embakasi, Nairobi, Kenya','-1.3040','36.8246','-1.3227','36.9260','1122334455','1234'),
(28,'uber','John','Madaraka Estate, Nairobi, Kenya','Embakasi, Nairobi, Kenya','-1.3040','36.8246','-1.3227','36.9260','1122334455','1234'),
(29,'uber','John','Madaraka Estate, Nairobi, Kenya','Embakasi, Nairobi, Kenya','-1.3040','36.8246','-1.3227','36.9260','1122334455','1234'),
(30,'uber','John','Madaraka Estate, Nairobi, Kenya','Embakasi, Nairobi, Kenya','-1.3040','36.8246','-1.3227','36.9260','1122334455','1234'),
(31,'uber','John','Madaraka Estate, Nairobi, Kenya','Embakasi, Nairobi, Kenya','-1.3040','36.8246','-1.3227','36.9260','1122334455','1234'),
(32,'uber','John','Madaraka Estate, Nairobi, Kenya','Embakasi, Nairobi, Kenya','-1.3040','36.8246','-1.3227','36.9260','1122334455','1234'),
(33,'uber','John','Madaraka Estate, Nairobi, Kenya','Embakasi, Nairobi, Kenya','-1.3040','36.8246','-1.3227','36.9260','1122334455','1234'),
(34,'uber','John','Madaraka Estate, Nairobi, Kenya','Embakasi, Nairobi, Kenya','-1.3040','36.8246','-1.3227','36.9260','1122334455','1234'),
(35,'uber','John','Madaraka Estate, Nairobi, Kenya','Embakasi, Nairobi, Kenya','-1.3040','36.8246','-1.3227','36.9260','1122334455','1234'),
(36,'uber','John','Madaraka Estate, Nairobi, Kenya','Embakasi, Nairobi, Kenya','-1.3040','36.8246','-1.3227','36.9260','1122334455','1234'),
(37,'uber','John','Madaraka Estate, Nairobi, Kenya','Embakasi, Nairobi, Kenya','-1.3040','36.8246','-1.3227','36.9260','1122334455','1234'),
(38,'uber','John','Madaraka Estate, Nairobi, Kenya','Embakasi, Nairobi, Kenya','-1.3040','36.8246','-1.3227','36.9260','1122334455','1234'),
(39,'little','John','Madaraka Estate, Nairobi, Kenya','Embakasi, Nairobi, Kenya','-1.304','36.8246','-1.3327','36.9004','1122334455','1234'),
(40,'little','John','Madaraka Estate, Nairobi, Kenya','Embakasi, Nairobi, Kenya','-1.304','36.8246','-1.3327','36.9004','1122334455','1234'),
(41,'little','John','Madaraka Estate, Nairobi, Kenya','Embakasi, Nairobi, Kenya','-1.304','36.8246','-1.3327','36.9004','1122334455','1234'),
(42,'little','John','Madaraka Estate, Nairobi, Kenya','Embakasi, Nairobi, Kenya','-1.304','36.8246','-1.3327','36.9004','1122334455','1234'),
(43,'uber','John','Madaraka Estate, Nairobi, Kenya','Embakasi, Nairobi, Kenya','-1.304','36.8246','-1.3327','36.9004','1122334455','1234'),
(44,'little','John','Madaraka Estate, Nairobi, Kenya','Embakasi, Nairobi, Kenya','-1.304','36.8246','-1.3327','36.9004','1122334455','1234'),
(45,'taxify','John','Madaraka Estate, Nairobi, Kenya','Embakasi, Nairobi, Kenya','-1.304','36.8246','-1.3327','36.9004','1122334455','1234'),
(46,'little','John','Madaraka Estate, Nairobi, Kenya','Embakasi, Nairobi, Kenya','-1.304','36.8246','-1.3327','36.9004','1122334455','1234'),
(47,'mondo','John','Madaraka Estate, Nairobi, Kenya','Embakasi, Nairobi, Kenya','-1.304','36.8246','-1.3327','36.9004','1122334455','1234'),
(48,'taxify','John','Madaraka Estate, Nairobi, Kenya','Embakasi, Nairobi, Kenya','-1.304','36.8246','-1.3327','36.9004','1122334455','1234'),
(49,'little','John','Madaraka Estate, Nairobi, Kenya','Embakasi, Nairobi, Kenya','-1.304','36.8246','-1.3327','36.9004','1122334455','1234'),
(50,'little','John','Madaraka Estate, Nairobi, Kenya','Embakasi, Nairobi, Kenya','-1.304','36.8246','-1.3327','36.9004','1122334455','1234'),
(51,'little','John','Madaraka Estate, Nairobi, Kenya','Embakasi, Nairobi, Kenya','-1.304','36.8246','-1.3327','36.9004','1122334455','1234'),
(52,'little','John','Madaraka Estate, Nairobi, Kenya','Embakasi, Nairobi, Kenya','-1.304','36.8246','-1.3327','36.9004','1122334455','1234'),
(53,'little','John','Madaraka Estate, Nairobi, Kenya','Embakasi, Nairobi, Kenya','-1.304','36.8246','-1.3327','36.9004','1122334455','1234'),
(54,'little','John','Madaraka Estate, Nairobi, Kenya','Embakasi, Nairobi, Kenya','-1.304','36.8246','-1.3327','36.9004','1122334455','1234'),
(55,'little','John','Madaraka Estate, Nairobi, Kenya','Embakasi, Nairobi, Kenya','-1.304','36.8246','-1.3327','36.9004','1122334455','1234'),
(56,'uber','John','Madaraka Estate, Nairobi, Kenya','Embakasi, Nairobi, Kenya','-1.304','36.8246','-1.3327','36.9004','1122334455','1234'),
(57,'little','John','Madaraka Estate, Nairobi, Kenya','Embakasi, Nairobi, Kenya','-1.304','36.8246','-1.3327','36.9004','1122334455','1234'),
(58,'little','John','Madaraka Estate, Nairobi, Kenya','Embakasi, Nairobi, Kenya','-1.304','36.8246','-1.3327','36.9004','1122334455','1234'),
(59,'little','John','Madaraka Estate, Nairobi, Kenya','Embakasi, Nairobi, Kenya','-1.304','36.8246','-1.3327','36.9004','1122334455','1234'),
(60,'uber','John','Madaraka Estate, Nairobi, Kenya','Embakasi, Nairobi, Kenya','-1.3040','36.8246','-1.3227','36.9260','1122334455','1234'),
(61,'uber','John','Madaraka Estate, Nairobi, Kenya','Embakasi, Nairobi, Kenya','-1.3040','36.8246','-1.3227','36.9260','1122334455','1234'),
(62,'uber','John','Madaraka Estate, Nairobi, Kenya','Embakasi, Nairobi, Kenya','-1.3040','36.8246','-1.3227','36.9260','1122334455','1234'),
(63,'little','John','Madaraka Estate, Nairobi, Kenya','Embakasi, Nairobi, Kenya','-1.304','36.8246','-1.3327','36.9004','1122334455','1234'),
(64,'little','John','Madaraka Estate, Nairobi, Kenya','Embakasi, Nairobi, Kenya','-1.304','36.8246','-1.3327','36.9004','1122334455','1234'),
(65,'little','John','Madaraka Estate, Nairobi, Kenya','Embakasi, Nairobi, Kenya','-1.304','36.8246','-1.3327','36.9004','1122334455','1234'),
(66,'uber','John','Madaraka Estate, Nairobi, Kenya','Embakasi, Nairobi, Kenya','-1.3040','36.8246','-1.3227','36.9260','1122334455','1234'),
(67,'little','John','Madaraka Estate, Nairobi, Kenya','Embakasi, Nairobi, Kenya','-1.304','36.8246','-1.3327','36.9004','1122334455','1234'),
(68,'little','John','Madaraka Estate, Nairobi, Kenya','Embakasi, Nairobi, Kenya','-1.304','36.8246','-1.3327','36.9004','1122334455','1234'),
(69,'little','John','Madaraka Estate, Nairobi, Kenya','Embakasi, Nairobi, Kenya','-1.304','36.8246','-1.3327','36.9004','1122334455','1234'),
(70,'little','John','Madaraka Estate, Nairobi, Kenya','Embakasi, Nairobi, Kenya','-1.304','36.8246','-1.3327','36.9004','1122334455','1234'),
(71,'little','John','Madaraka Estate, Nairobi, Kenya','Embakasi, Nairobi, Kenya','-1.304','36.8246','-1.3327','36.9004','1122334455','1234'),
(72,'little','John','Madaraka Estate, Nairobi, Kenya','Embakasi, Nairobi, Kenya','-1.304','36.8246','-1.3327','36.9004','1122334455','1234'),
(73,'little','John','Madaraka Estate, Nairobi, Kenya','Embakasi, Nairobi, Kenya','-1.304','36.8246','-1.3327','36.9004','1122334455','1234'),
(74,'mondo','John','Madaraka Estate, Nairobi, Kenya','Embakasi, Nairobi, Kenya','-1.304','36.8246','-1.3327','36.9004','1122334455','1234'),
(75,'uber','John','Madaraka Estate, Nairobi, Kenya','Embakasi, Nairobi, Kenya','-1.3040','36.8246','-1.3227','36.9260','1122334455','1234'),
(76,'uber','John','Madaraka Estate, Nairobi, Kenya','Embakasi, Nairobi, Kenya','-1.3040','36.8246','-1.3227','36.9260','1122334455','1234'),
(77,'uber','John','Madaraka Estate, Nairobi, Kenya','Embakasi, Nairobi, Kenya','-1.3040','36.8246','-1.3227','36.9260','1122334455','1234'),
(78,'uber','John','Madaraka Estate, Nairobi, Kenya','Embakasi, Nairobi, Kenya','-1.3040','36.8246','-1.3227','36.9260','1122334455','1234'),
(79,'uber','John','Madaraka Estate, Nairobi, Kenya','Embakasi, Nairobi, Kenya','-1.3040','36.8246','-1.3227','36.9260','1122334455','1234'),
(80,'little','John','Madaraka Estate, Nairobi, Kenya','Embakasi, Nairobi, Kenya','-1.304','36.8246','-1.3327','36.9004','1122334455','1234'),
(81,'little','John','Madaraka Estate, Nairobi, Kenya','Embakasi, Nairobi, Kenya','-1.304','36.8246','-1.3327','36.9004','1122334455','1234'),
(82,'little','John','Madaraka Estate, Nairobi, Kenya','Embakasi, Nairobi, Kenya','-1.304','36.8246','-1.3327','36.9004','1122334455','1234'),
(83,'uber','John','Madaraka Estate, Nairobi, Kenya','Embakasi, Nairobi, Kenya','-1.3040','36.8246','-1.3227','36.9260','1122334455','1234'),
(84,'little','John','Madaraka Estate, Nairobi, Kenya','Embakasi, Nairobi, Kenya','-1.304','36.8246','-1.3327','36.9004','1122334455','1234'),
(85,'little','John','Madaraka Estate, Nairobi, Kenya','Embakasi, Nairobi, Kenya','-1.304','36.8246','-1.3327','36.9004','1122334455','1234'),
(86,'little','John','12-A, Prahlad Nagar, Ahmedabad, Gujarat 380015, India','Embakasi, Nairobi, Kenya','23.0098','72.503','-1.3327','36.9004','1122334455','1234'),
(87,'little','John','12-A, Prahlad Nagar, Ahmedabad, Gujarat 380015, India','Chhatrapati Shivaji International Airport Area, Vile Parle, Mumbai, Maharashtra, India','23.0098','72.503','19.0896','72.8656','1122334455','1234'),
(88,'little','John','Madaraka Estate, Nairobi, Kenya','Embakasi, Nairobi, Kenya','-1.304','36.8246','-1.3327','36.9004','1122334455','1234'),
(89,'little','John','Madaraka Estate, Nairobi, Kenya','Embakasi, Nairobi, Kenya','-1.304','36.8246','-1.3327','36.9004','1122334455','1234'),
(90,'little','John','12-A, Prahlad Nagar, Ahmedabad, Gujarat 380015, India','Kalupur Road, Laxmi Bazar, Khadia, Ahmedabad, Gujarat 380002, India','23.0098','72.503','23.0252','72.6002','1122334455','1234'),
(91,'mondo','John','12-A, Prahlad Nagar, Ahmedabad, Gujarat 380015, India','Kalupur Road, Laxmi Bazar, Khadia, Ahmedabad, Gujarat 380002, India','23.0098','72.503','23.0252','72.6002','1122334455','1234'),
(92,'little','John','12-A, Prahlad Nagar, Ahmedabad, Gujarat 380015, India','Kalupur Road, Laxmi Bazar, Khadia, Ahmedabad, Gujarat 380002, India','23.0098','72.503','23.0252','72.6002','1122334455','1234'),
(93,'uber','John','Madaraka Estate, Nairobi, Kenya','Embakasi, Nairobi, Kenya','-1.304','36.8246','-1.3327','36.9004','1122334455','1234'),
(94,'uber','John','Madaraka Estate, Nairobi, Kenya','Embakasi, Nairobi, Kenya','-1.3040','36.8246','-1.3227','36.9260','1122334455','1234'),
(95,'little','John','Madaraka Estate, Nairobi, Kenya','Embakasi, Nairobi, Kenya','-1.304','36.8246','-1.3327','36.9004','1122334455','1234'),
(96,'mondo','John','Madaraka Estate, Nairobi, Kenya','Embakasi, Nairobi, Kenya','-1.304','36.8246','-1.3327','36.9004','1122334455','1234'),
(97,'uber','John','Madaraka Estate, Nairobi, Kenya','Embakasi, Nairobi, Kenya','-1.3040','36.8246','-1.3227','36.9260','1122334455','1234'),
(98,'little','John','Madaraka Estate, Nairobi, Kenya','Embakasi, Nairobi, Kenya','-1.304','36.8246','-1.3327','36.9004','1122334455','1234'),
(99,'uber','John','Madaraka Estate, Nairobi, Kenya','Embakasi, Nairobi, Kenya','-1.3040','36.8246','-1.3227','36.9260','1122334455','1234'),
(100,'little','John','Madaraka Estate, Nairobi, Kenya','Embakasi, Nairobi, Kenya','-1.304','36.8246','-1.3327','36.9004','1122334455','1234'),
(101,'little','John','Madaraka Estate, Nairobi, Kenya','Embakasi, Nairobi, Kenya','-1.304','36.8246','-1.3327','36.9004','1122334455','1234'),
(102,'little','John','Madaraka Estate, Nairobi, Kenya','Embakasi, Nairobi, Kenya','-1.304','36.8246','-1.3327','36.9004','1122334455','1234'),
(103,'little','John','Madaraka Estate, Nairobi, Kenya','Embakasi, Nairobi, Kenya','-1.304','36.8246','-1.3327','36.9004','1122334455','1234'),
(104,'mondo','John','Vastrapur Station Road, Makarba, Ahmedabad, Gujarat 380015, India','Sarkhej - Gandhinagar Highway, Satellite, Ahmedabad, Gujarat 380054, India','22.9999','72.5001','23.0305','72.5075','1122334455','1234'),
(105,'taxify','John','280, Sarkhej - Gandhinagar Highway, Makarba, Ahmedabad, Gujarat 380015, India','Dutch Cemetery Road, Fort Kochi, Kochi, Kerala 682001, India','23.0004','72.4998','9.964','76.2385','1122334455','1234'),
(106,'mondo','John','280, Sarkhej - Gandhinagar Highway, Makarba, Ahmedabad, Gujarat 380015, India','Kalupur Road, Laxmi Bazar, Khadia, Ahmedabad, Gujarat 380002, India','23.0005','72.4998','23.0252','72.6002','1122334455','1234'),
(107,'uber','John','Madaraka Estate, Nairobi, Kenya','Embakasi, Nairobi, Kenya','-1.3040','36.8246','-1.3227','36.9260','1122334455','1234'),
(108,'uber','John','Madaraka Estate, Nairobi, Kenya','Embakasi, Nairobi, Kenya','-1.3040','36.8246','-1.3227','36.9260','1122334455','1234'),
(109,'taxify','John','280, Sarkhej - Gandhinagar Highway, Makarba, Ahmedabad, Gujarat 380015, India','Kalupur Road, Laxmi Bazar, Khadia, Ahmedabad, Gujarat 380002, India','23.0004','72.4998','23.0252','72.6002','1122334455','1234'),
(110,'mondo','John','280, Sarkhej - Gandhinagar Highway, Makarba, Ahmedabad, Gujarat 380015, India','Kalupur Road, Laxmi Bazar, Khadia, Ahmedabad, Gujarat 380002, India','23.0004','72.4998','23.0252','72.6002','1122334455','1234'),
(111,'taxify','John','280, Sarkhej - Gandhinagar Highway, Makarba, Ahmedabad, Gujarat 380015, India','Kalupur Road, Laxmi Bazar, Khadia, Ahmedabad, Gujarat 380002, India','23.0004','72.4998','23.0252','72.6002','1122334455','1234'),
(112,'mondo','John','280, Sarkhej - Gandhinagar Highway, Makarba, Ahmedabad, Gujarat 380015, India','Kalupur Road, Laxmi Bazar, Khadia, Ahmedabad, Gujarat 380002, India','23.0005','72.4998','23.0252','72.6002','1122334455','1234'),
(113,'mondo','John','280, Sarkhej - Gandhinagar Highway, Makarba, Ahmedabad, Gujarat 380015, India','Kalupur Road, Laxmi Bazar, Khadia, Ahmedabad, Gujarat 380002, India','23.0005','72.4998','23.0252','72.6002','1122334455','1234'),
(114,'mondo','John','280, Sarkhej - Gandhinagar Highway, Makarba, Ahmedabad, Gujarat 380015, India','Kalupur Road, Laxmi Bazar, Khadia, Ahmedabad, Gujarat 380002, India','23.0004','72.4998','23.0252','72.6002','1122334455','1234'),
(115,'mondo','John','280, Sarkhej - Gandhinagar Highway, Makarba, Ahmedabad, Gujarat 380015, India','Kalupur Road, Laxmi Bazar, Khadia, Ahmedabad, Gujarat 380002, India','23.0004','72.4999','23.0252','72.6002','1122334455','1234'),
(116,'mondo','John','280, Sarkhej - Gandhinagar Highway, Makarba, Ahmedabad, Gujarat 380015, India','Kalupur Road, Laxmi Bazar, Khadia, Ahmedabad, Gujarat 380002, India','23.0003','72.4999','23.0252','72.6002','1122334455','1234'),
(117,'taxify','John','4, 100 Feet Road, Makarba, Ahmedabad, Gujarat 380015, India','Kalupur Road, Laxmi Bazar, Khadia, Ahmedabad, Gujarat 380002, India','23.002','72.502','23.0252','72.6002','1122334455','1234'),
(118,'uber','John','Madaraka Estate, Nairobi, Kenya','Embakasi, Nairobi, Kenya','-1.3040','36.8246','-1.3227','36.9260','1122334455','1234'),
(119,'taxify','John','4, 100 Feet Road, Makarba, Ahmedabad, Gujarat 380015, India','Kalupur Road, Laxmi Bazar, Khadia, Ahmedabad, Gujarat 380002, India','23.002','72.502','23.0252','72.6002','1122334455','1234'),
(120,'mondo','John','Madaraka Estate, Nairobi, Kenya','Embakasi, Nairobi, Kenya','-1.304','36.8246','-1.3327','36.9004','1122334455','1234'),
(121,'mondo','John','Madaraka Estate, Nairobi, Kenya','Embakasi, Nairobi, Kenya','-1.304','36.8246','-1.3327','36.9004','1122334455','1234'),
(122,'mondo','John','Madaraka Estate, Nairobi, Kenya','Embakasi, Nairobi, Kenya','-1.304','36.8246','-1.3327','36.9004','1122334455','1234'),
(123,'mondo','John','Madaraka Estate, Nairobi, Kenya','Embakasi, Nairobi, Kenya','-1.304','36.8246','-1.3327','36.9004','1122334455','1234'),
(124,'mondo','John','Madaraka Estate, Nairobi, Kenya','Embakasi, Nairobi, Kenya','-1.304','36.8246','-1.3327','36.9004','1122334455','1234'),
(125,'uber','John','Madaraka Estate, Nairobi, Kenya','Embakasi, Nairobi, Kenya','-1.3040','36.8246','-1.3227','36.9260','1122334455','1234'),
(126,'uber','John','Madaraka Estate, Nairobi, Kenya','Embakasi, Nairobi, Kenya','-1.3040','36.8246','-1.3227','36.9260','1122334455','1234'),
(127,'uber','John','Madaraka Estate, Nairobi, Kenya','Embakasi, Nairobi, Kenya','-1.3040','36.8246','-1.3227','36.9260','1122334455','1234'),
(128,'uber','John','Madaraka Estate, Nairobi, Kenya','Embakasi, Nairobi, Kenya','-1.3040','36.8246','-1.3227','36.9260','1122334455','1234'),
(129,'mondo','John','Madaraka Estate, Nairobi, Kenya','Embakasi, Nairobi, Kenya','-1.304','36.8246','-1.3327','36.9004','1122334455','1234'),
(130,'mondo','John','Madaraka Estate, Nairobi, Kenya','Embakasi, Nairobi, Kenya','-1.304','36.8246','-1.3327','36.9004','1122334455','1234'),
(131,'mondo','John','Madaraka Estate, Nairobi, Kenya','Embakasi, Nairobi, Kenya','-1.304','36.8246','-1.3327','36.9004','1122334455','1234'),
(132,'uber','John','Madaraka Estate, Nairobi, Kenya','Embakasi, Nairobi, Kenya','-1.3040','36.8246','-1.3227','36.9260','1122334455','1234'),
(133,'uber','John','Madaraka Estate, Nairobi, Kenya','Embakasi, Nairobi, Kenya','-1.3040','36.8246','-1.3227','36.9260','1122334455','1234'),
(134,'uber','John','Madaraka Estate, Nairobi, Kenya','Embakasi, Nairobi, Kenya','-1.3040','36.8246','-1.3227','36.9260','1122334455','1234'),
(135,'mondo','John','Madaraka Estate, Nairobi, Kenya','Embakasi, Nairobi, Kenya','-1.304','36.8246','-1.3327','36.9004','1122334455','1234'),
(136,'mondo','John','Madaraka Estate, Nairobi, Kenya','Embakasi, Nairobi, Kenya','-1.304','36.8246','-1.3327','36.9004','1122334455','1234'),
(137,'uber','John','Madaraka Estate, Nairobi, Kenya','Embakasi, Nairobi, Kenya','-1.3040','36.8246','-1.3227','36.9260','1122334455','1234'),
(138,'mondo','John','Madaraka Estate, Nairobi, Kenya','Embakasi, Nairobi, Kenya','-1.304','36.8246','-1.3327','36.9004','1122334455','1234'),
(139,'uber','John','Madaraka Estate, Nairobi, Kenya','Embakasi, Nairobi, Kenya','-1.3040','36.8246','-1.3227','36.9260','1122334455','1234'),
(140,'uber','John','Madaraka Estate, Nairobi, Kenya','Embakasi, Nairobi, Kenya','-1.3040','36.8246','-1.3227','36.9260','1122334455','1234'),
(141,'mondo','John','Madaraka Estate, Nairobi, Kenya','Embakasi, Nairobi, Kenya','-1.304','36.8246','-1.3327','36.9004','1122334455','1234'),
(142,'uber','John','Madaraka Estate, Nairobi, Kenya','Embakasi, Nairobi, Kenya','-1.3040','36.8246','-1.3227','36.9260','1122334455','1234'),
(143,'mondo','John','Madaraka Estate, Nairobi, Kenya','Embakasi, Nairobi, Kenya','-1.304','36.8246','-1.3327','36.9004','1122334455','1234'),
(144,'mondo','John','Madaraka Estate, Nairobi, Kenya','Embakasi, Nairobi, Kenya','-1.304','36.8246','-1.3327','36.9004','1122334455','1234'),
(145,'uber','John','Madaraka Estate, Nairobi, Kenya','Embakasi, Nairobi, Kenya','-1.3040','36.8246','-1.3227','36.9260','1122334455','1234'),
(146,'mondo','John','Madaraka Estate, Nairobi, Kenya','Embakasi, Nairobi, Kenya','-1.304','36.8246','-1.3327','36.9004','1122334455','1234'),
(147,'uber','John','Madaraka Estate, Nairobi, Kenya','Embakasi, Nairobi, Kenya','-1.3040','36.8246','-1.3227','36.9260','1122334455','1234'),
(148,'uber','John','Madaraka Estate, Nairobi, Kenya','Embakasi, Nairobi, Kenya','-1.3040','36.8246','-1.3227','36.9260','1122334455','1234'),
(149,'taxify','Joe\njoej','Loita Street, Nairobi, Kenya','Dagoretti Road, Nairobi, Kenya','-1.2843','36.8179','-1.3118','36.6986','0727389574','1234'),
(150,'mondo','John','Madaraka Estate, Nairobi, Kenya','Embakasi, Nairobi, Kenya','-1.304','36.8246','-1.3327','36.9004','1122334455','1234'),
(151,'uber','fjgg','Loita Street, Nairobi, Kenya','Loita Street, Nairobi, Kenya','-1.2843','36.8179','-1.2845','36.8177','0727389574','1234'),
(152,'mondo','John','Madaraka Estate, Nairobi, Kenya','Embakasi, Nairobi, Kenya','-1.304','36.8246','-1.3327','36.9004','1122334455','1234'),
(153,'uber','Ted','Loita Street, Nairobi, Kenya','Saint Hellen Lane, Nairobi, Kenya','-1.2843','36.8179','-1.336','36.7304','0729306047','1234'),
(154,'mondo','John','Madaraka Estate, Nairobi, Kenya','Embakasi, Nairobi, Kenya','-1.304','36.8246','-1.3327','36.9004','1122334455','1234'),
(155,'uber','fjjj\nfoggy','Loita Street, Nairobi, Kenya','New Loresho Estate, Nairobi, Kenya','-1.2843','36.8179','-1.2537','36.7442','0727389574','1234'),
(156,'uber','fgh','Loita Street, Nairobi, Kenya','New Loresho Estate, Nairobi, Kenya','-1.2843','36.8179','-1.2537','36.7442','0727389574','1234'),
(157,'little','dfgh','Loita Street, Nairobi, Kenya','New Loresho Estate, Nairobi, Kenya','-1.2843','36.8179','-1.2537','36.7442','0727389574','1234'),
(158,'uber','tffg','Loita Street, Nairobi, Kenya','Unnamed Road, Kikuyu, Kenya','-1.2843','36.8179','-1.2543','36.6817','0727389574','1234'),
(159,'taxify','John','Madaraka Estate, Nairobi, Kenya','Machakos County, Kenya','-1.304','36.8246','-1.267009','37.320177','1122334455','1234'),
(160,'taxify','John','Madaraka Estate, Nairobi, Kenya','Machakos County, Kenya','-1.304','36.8246','-1.267009','37.320177','1122334455','1234'),
(161,'mondo','John','Madaraka Estate, Nairobi, Kenya','Karen, Nairobi, Kenya','-1.304','36.8246','-1.316866','36.690329','1122334455','1234'),
(162,'little','Ted','Loita Street, Nairobi, Kenya','Chiromo Lane, Nairobi, Kenya','-1.2843','36.8179','-1.2683','36.8111','0727389574','1234'),
(163,'taxify','bla','Loita Street, Nairobi, Kenya','Unnamed Road, Kikuyu, Kenya','-1.2843','36.8177','-1.2543','36.6817','0729306047','1234'),
(164,'private','Ted','Loita Street, Nairobi, Kenya','Langata, Nairobi, Kenya','-1.2843','36.8179','-1.3435','36.7651','0729306047','1234'),
(165,'uber','ted','Loita Street, Nairobi, Kenya','Chiromo Lane, Nairobi, Kenya','-1.2843','36.8179','-1.2683','36.8111','0729306047','1234'),
(166,'uber','Ted','Loita Street, Nairobi, Kenya','Chiromo Lane, Nairobi, Kenya','-1.2843','36.8179','-1.2683','36.8111','0729306047','1234'),
(167,'little','Ted','Loita Street, Nairobi, Kenya','Chiromo Lane, Nairobi, Kenya','-1.2843','36.8179','-1.2683','36.8111','0727389574','1234'),
(168,'little','John','Madaraka Estate, Nairobi, Kenya','Karen, Nairobi, Kenya','-1.304','36.8246','-1.316866','36.690329','1122334455','1234'),
(169,'little','John','Madaraka Estate, Nairobi, Kenya','Karen, Nairobi, Kenya','-1.304','36.8246','-1.316866','36.690329','1122334455','1234'),
(170,'uber','dtrtdtft','Loita Street, Nairobi, Kenya','New Loresho Estate, Nairobi, Kenya','-1.2843','36.8179','-1.2537','36.7442','1111111111','1234'),
(171,'uber','John','Madaraka Estate, Nairobi, Kenya','Karen, Nairobi, Kenya','-1.304','36.8246','-1.316866','36.690329','1122334455','1234'),
(172,'uber','John','Madaraka Estate, Nairobi, Kenya','Karen, Nairobi, Kenya','-1.304','36.8246','-1.316866','36.690329','1122334455','1234'),
(173,'taxify','John','Madaraka Estate, Nairobi, Kenya','Karen, Nairobi, Kenya','-1.304','36.8246','-1.316866','36.690329','1122334455','1234'),
(174,'taxify','John','Madaraka Estate, Nairobi, Kenya','Karen, Nairobi, Kenya','-1.304','36.8246','-1.316866','36.690329','1122334455','1234'),
(175,'taxify','John','Madaraka Estate, Nairobi, Kenya','Karen, Nairobi, Kenya','-1.304','36.8246','-1.316866','36.690329','1122334455','1234'),
(176,'little','John','Madaraka Estate, Nairobi, Kenya','Karen, Nairobi, Kenya','-1.304','36.8246','-1.316866','36.690329','1122334455','1234'),
(177,'taxify','John','Madaraka Estate, Nairobi, Kenya','Karen, Nairobi, Kenya','-1.304','36.8246','-1.316866','36.690329','1122334455','1234'),
(178,'taxify','John','Madaraka Estate, Nairobi, Kenya','Karen, Nairobi, Kenya','-1.304','36.8246','-1.316866','36.690329','1122334455','1234'),
(179,'taxify','John','Madaraka Estate, Nairobi, Kenya','Karen, Nairobi, Kenya','-1.304','36.8246','-1.316866','36.690329','1122334455','1234'),
(180,'taxify','John','Madaraka Estate, Nairobi, Kenya','Karen, Nairobi, Kenya','-1.304','36.8246','-1.316866','36.690329','1122334455','1234'),
(181,'taxify','John','Madaraka Estate, Nairobi, Kenya','Karen, Nairobi, Kenya','-1.304','36.8246','-1.316866','36.690329','1122334455','1234'),
(182,'taxify','John','Madaraka Estate, Nairobi, Kenya','Embakasi, Nairobi, Kenya','-1.304','36.8246','-1.3327','36.9004','1122334455','1234'),
(183,'taxify','John','Madaraka Estate, Nairobi, Kenya','Embakasi, Nairobi, Kenya','-1.304','36.8246','-1.3327','36.9004','1122334455','1234'),
(184,'taxify','John','Madaraka Estate, Nairobi, Kenya','Karen, Nairobi, Kenya','-1.304','36.8246','-1.316866','36.690329','1122334455','1234'),
(185,'uber','John','Madaraka Estate, Nairobi, Kenya','Karen, Nairobi, Kenya','-1.304','36.8246','-1.316866','36.690329','1122334455','1234'),
(186,'taxify','John','Madaraka Estate, Nairobi, Kenya','Karen, Nairobi, Kenya','-1.304','36.8246','-1.316866','36.690329','1122334455','1234'),
(187,'little','John','Madaraka Estate, Nairobi, Kenya','Karen, Nairobi, Kenya','-1.304','36.8246','-1.316866','36.690329','1122334455','1234'),
(188,'taxify','John','Madaraka Estate, Nairobi, Kenya','Karen, Nairobi, Kenya','-1.304','36.8246','-1.316866','36.690329','1122334455','1234'),
(189,'taxify','John','Madaraka Estate, Nairobi, Kenya','Karen, Nairobi, Kenya','-1.304','36.8246','-1.316866','36.690329','1122334455','1234'),
(190,'taxify','John','Madaraka Estate, Nairobi, Kenya','Karen, Nairobi, Kenya','-1.304','36.8246','-1.316866','36.690329','1122334455','1234'),
(191,'mondo','John','Madaraka Estate, Nairobi, Kenya','Karen, Nairobi, Kenya','-1.304','36.8246','-1.316866','36.690329','1122334455','1234'),
(192,'little','John','280, Sarkhej - Gandhinagar Highway, Makarba, Ahmedabad, Gujarat 380015, India','Karen, Nairobi, Kenya','23.0005','72.4998','-1.316866','36.690329','1122334455','1234'),
(193,'taxify','John','280, Sarkhej - Gandhinagar Highway, Makarba, Ahmedabad, Gujarat 380015, India','Kalupur Road, Laxmi Bazar, Khadia, Ahmedabad, Gujarat 380002, India','23.0005','72.4998','23.0252','72.6002','1122334455','1234'),
(194,'taxify','john','280, Sarkhej - Gandhinagar Highway, Makarba, Ahmedabad, Gujarat 380015, India','Kalupur Road, Laxmi Bazar, Khadia, Ahmedabad, Gujarat 380002, India','23.0005','72.4998','23.0252','72.6002','1122334455','1234'),
(195,'little','John','280, Sarkhej - Gandhinagar Highway, Makarba, Ahmedabad, Gujarat 380015, India','Kalupur Road, Laxmi Bazar, Khadia, Ahmedabad, Gujarat 380002, India','23.0005','72.4998','23.0252','72.6002','1122334455','1234'),
(196,'uber','john','280, Sarkhej - Gandhinagar Highway, Makarba, Ahmedabad, Gujarat 380015, India','Kalupur Road, Laxmi Bazar, Khadia, Ahmedabad, Gujarat 380002, India','23.0005','72.4998','23.0252','72.6002','1122334455','1234'),
(197,'taxify','John','280, Sarkhej - Gandhinagar Highway, Makarba, Ahmedabad, Gujarat 380015, India','Kalupur Road, Laxmi Bazar, Khadia, Ahmedabad, Gujarat 380002, India','23.0015','72.5001','23.0252','72.6002','1122334455','1234'),
(198,'uber','John','280, Sarkhej - Gandhinagar Highway, Makarba, Ahmedabad, Gujarat 380015, India','Kalupur Road, Laxmi Bazar, Khadia, Ahmedabad, Gujarat 380002, India','23.0005','72.4998','23.0252','72.6002','7021500276','1234'),
(199,'uber','John','280, Sarkhej - Gandhinagar Highway, Makarba, Ahmedabad, Gujarat 380015, India','2, Relief Road, Kalupur, Ahmedabad, Gujarat 380001, India','23.0005','72.4998','23.0283','72.5937','7021500276','1234'),
(200,'little','John','280, Sarkhej - Gandhinagar Highway, Makarba, Ahmedabad, Gujarat 380015, India','Kalupur Road, Laxmi Bazar, Khadia, Ahmedabad, Gujarat 380002, India','23.0005','72.4998','23.0252','72.6002','1122334455','1234'),
(201,'uber','John','280, Sarkhej - Gandhinagar Highway, Makarba, Ahmedabad, Gujarat 380015, India','Kalupur Road, Laxmi Bazar, Khadia, Ahmedabad, Gujarat 380002, India','23.0005','72.4997','23.0252','72.6002','1122334455','1234'),
(202,'taxify','John','280, Sarkhej - Gandhinagar Highway, Makarba, Ahmedabad, Gujarat 380015, India','Kalupur Road, Laxmi Bazar, Khadia, Ahmedabad, Gujarat 380002, India','23.0005','72.4998','23.0252','72.6002','1122334455','1234'),
(203,'uber','John','280, Sarkhej - Gandhinagar Highway, Makarba, Ahmedabad, Gujarat 380015, India','Kalupur Road, Laxmi Bazar, Khadia, Ahmedabad, Gujarat 380002, India','23.0005','72.4998','23.0252','72.6002','1122334455','1234'),
(204,'uber','John','280, Sarkhej - Gandhinagar Highway, Makarba, Ahmedabad, Gujarat 380015, India','Kalupur Road, Laxmi Bazar, Khadia, Ahmedabad, Gujarat 380002, India','23.0005','72.4998','23.0252','72.6002','1122334455','1234'),
(205,'taxify','John','280, Sarkhej - Gandhinagar Highway, Makarba, Ahmedabad, Gujarat 380015, India','Kalupur Road, Laxmi Bazar, Khadia, Ahmedabad, Gujarat 380002, India','23.0005','72.4998','23.0252','72.6002','1122334455','1234'),
(206,'uber','John','280, Sarkhej - Gandhinagar Highway, Makarba, Ahmedabad, Gujarat 380015, India','Kalupur Road, Laxmi Bazar, Khadia, Ahmedabad, Gujarat 380002, India','23.0005','72.4998','23.0252','72.6002','1122334455','1234'),
(207,'uber','John','280, Sarkhej - Gandhinagar Highway, Makarba, Ahmedabad, Gujarat 380015, India','Kalupur Road, Laxmi Bazar, Khadia, Ahmedabad, Gujarat 380002, India','23.0005','72.4998','23.0252','72.6002','1122334455','1234'),
(208,'uber','John','280, Sarkhej - Gandhinagar Highway, Makarba, Ahmedabad, Gujarat 380015, India','Kalupur Road, Laxmi Bazar, Khadia, Ahmedabad, Gujarat 380002, India','23.0005','72.4998','23.0252','72.6002','1122334455','1234'),
(209,'uber','John','280, Sarkhej - Gandhinagar Highway, Makarba, Ahmedabad, Gujarat 380015, India','Kalupur Road, Laxmi Bazar, Khadia, Ahmedabad, Gujarat 380002, India','23.0005','72.4998','23.0252','72.6002','1122334455','1234'),
(210,'uber','John','280, Sarkhej - Gandhinagar Highway, Makarba, Ahmedabad, Gujarat 380015, India','Kalupur Road, Laxmi Bazar, Khadia, Ahmedabad, Gujarat 380002, India','23.0005','72.4998','23.0252','72.6002','1122334455','1234'),
(211,'uber','John','280, Sarkhej - Gandhinagar Highway, Makarba, Ahmedabad, Gujarat 380015, India','Kalupur Road, Laxmi Bazar, Khadia, Ahmedabad, Gujarat 380002, India','23.0005','72.4998','23.0252','72.6002','1122334455','1234'),
(212,'uber','John','280, Sarkhej - Gandhinagar Highway, Makarba, Ahmedabad, Gujarat 380015, India','Kalupur Road, Laxmi Bazar, Khadia, Ahmedabad, Gujarat 380002, India','23.0005','72.4998','23.0252','72.6002','1122334455','1234'),
(213,'uber','John','280, Sarkhej - Gandhinagar Highway, Makarba, Ahmedabad, Gujarat 380015, India','Kalupur Road, Laxmi Bazar, Khadia, Ahmedabad, Gujarat 380002, India','23.0005','72.4998','23.0252','72.6002','1122334455','1234'),
(214,'uber','John','280, Sarkhej - Gandhinagar Highway, Makarba, Ahmedabad, Gujarat 380015, India','Kalupur Road, Laxmi Bazar, Khadia, Ahmedabad, Gujarat 380002, India','23.0005','72.4998','23.0252','72.6002','1122334455','1234'),
(215,'uber','John','280, Sarkhej - Gandhinagar Highway, Makarba, Ahmedabad, Gujarat 380015, India','Kalupur Road, Laxmi Bazar, Khadia, Ahmedabad, Gujarat 380002, India','23.0005','72.4998','23.0252','72.6002','1122334455','1234'),
(216,'uber','John','280, Sarkhej - Gandhinagar Highway, Makarba, Ahmedabad, Gujarat 380015, India','Kalupur Road, Laxmi Bazar, Khadia, Ahmedabad, Gujarat 380002, India','23.0005','72.4998','23.0252','72.6002','1122334455','1234'),
(217,'uber','John','280, Sarkhej - Gandhinagar Highway, Makarba, Ahmedabad, Gujarat 380015, India','Kalupur Road, Laxmi Bazar, Khadia, Ahmedabad, Gujarat 380002, India','23.0005','72.4998','23.0252','72.6002','1122334455','1234'),
(218,'little','John','280, Sarkhej - Gandhinagar Highway, Makarba, Ahmedabad, Gujarat 380015, India','Kalupur Road, Laxmi Bazar, Khadia, Ahmedabad, Gujarat 380002, India','23.0005','72.4998','23.0252','72.6002','1122334455','1234'),
(219,'taxify','John','280, Sarkhej - Gandhinagar Highway, Makarba, Ahmedabad, Gujarat 380015, India','Kalupur Road, Laxmi Bazar, Khadia, Ahmedabad, Gujarat 380002, India','23.0005','72.4998','23.0252','72.6002','1122334455','1234'),
(220,'taxify','John','280, Sarkhej - Gandhinagar Highway, Makarba, Ahmedabad, Gujarat 380015, India','Kalupur Road, Laxmi Bazar, Khadia, Ahmedabad, Gujarat 380002, India','23.0005','72.4998','23.0252','72.6002','1122334455','1234'),
(221,'mondo','John','280, Sarkhej - Gandhinagar Highway, Makarba, Ahmedabad, Gujarat 380015, India','Kalupur Road, Laxmi Bazar, Khadia, Ahmedabad, Gujarat 380002, India','23.0005','72.4998','23.0252','72.6002','1122334455','1234'),
(222,'taxify','John','280, Sarkhej - Gandhinagar Highway, Makarba, Ahmedabad, Gujarat 380015, India','Kalupur Road, Laxmi Bazar, Khadia, Ahmedabad, Gujarat 380002, India','23.0005','72.4998','23.0252','72.6002','1122334455','1234'),
(223,'mondo','John','280, Sarkhej - Gandhinagar Highway, Makarba, Ahmedabad, Gujarat 380015, India','Kalupur Road, Laxmi Bazar, Khadia, Ahmedabad, Gujarat 380002, India','23.0005','72.4998','23.0252','72.6002','1122334455','1234'),
(224,'private','John','280, Sarkhej - Gandhinagar Highway, Makarba, Ahmedabad, Gujarat 380015, India','Kalupur Road, Laxmi Bazar, Khadia, Ahmedabad, Gujarat 380002, India','23.0005','72.4998','23.0252','72.6002','1122334455','1234'),
(225,'mondo','John','280, Sarkhej - Gandhinagar Highway, Makarba, Ahmedabad, Gujarat 380015, India','Kalupur Road, Laxmi Bazar, Khadia, Ahmedabad, Gujarat 380002, India','23.0005','72.4998','23.0252','72.6002','1122334455','1234'),
(226,'taxify','John','280, Sarkhej - Gandhinagar Highway, Makarba, Ahmedabad, Gujarat 380015, India','Kalupur Road, Laxmi Bazar, Khadia, Ahmedabad, Gujarat 380002, India','23.0005','72.4997','23.0252','72.6002','1122334455','1234'),
(227,'taxify','John','280, Sarkhej - Gandhinagar Highway, Makarba, Ahmedabad, Gujarat 380015, India','Kalupur Road, Laxmi Bazar, Khadia, Ahmedabad, Gujarat 380002, India','23.0005','72.4998','23.0252','72.6002','1122334455','1234'),
(228,'uber','John','280, Sarkhej - Gandhinagar Highway, Makarba, Ahmedabad, Gujarat 380015, India','Kalupur Road, Laxmi Bazar, Khadia, Ahmedabad, Gujarat 380002, India','23.0004','72.4998','23.0252','72.6002','1122334455','1234'),
(229,'private','John','280, Sarkhej - Gandhinagar Highway, Makarba, Ahmedabad, Gujarat 380015, India','Kalupur Road, Laxmi Bazar, Khadia, Ahmedabad, Gujarat 380002, India','23.0005','72.4998','23.0252','72.6002','1122334455','1234'),
(230,'uber','Ted','Daidai Road, Nairobi, Kenya','Saint Hellen Lane, Nairobi, Kenya','-1.3131','36.8356','-1.336','36.7304','0701949016','1234'),
(231,'uber','John','280, Sarkhej - Gandhinagar Highway, Makarba, Ahmedabad, Gujarat 380015, India','Kalupur Road, Laxmi Bazar, Khadia, Ahmedabad, Gujarat 380002, India','23.0005','72.4998','23.0252','72.6002','1122334455','1234'),
(232,'uber','John','280, Sarkhej - Gandhinagar Highway, Makarba, Ahmedabad, Gujarat 380015, India','Kalupur Road, Laxmi Bazar, Khadia, Ahmedabad, Gujarat 380002, India','23.0005','72.4998','23.0252','72.6002','1122334455','1234'),
(233,'little','John','280, Sarkhej - Gandhinagar Highway, Makarba, Ahmedabad, Gujarat 380015, India','Kalupur Road, Laxmi Bazar, Khadia, Ahmedabad, Gujarat 380002, India','23.0005','72.4998','23.0252','72.6002','1122334455','1234'),
(234,'mondo','John','280, Sarkhej - Gandhinagar Highway, Makarba, Ahmedabad, Gujarat 380015, India','Kalupur Road, Laxmi Bazar, Khadia, Ahmedabad, Gujarat 380002, India','23.0005','72.4998','23.0252','72.6002','1122334455','1234'),
(235,'taxify','John','280, Sarkhej - Gandhinagar Highway, Makarba, Ahmedabad, Gujarat 380015, India','Kalupur Road, Laxmi Bazar, Khadia, Ahmedabad, Gujarat 380002, India','23.0005','72.4998','23.0252','72.6002','1122334455','1234'),
(236,'uber','ted','Karen \"C\", Nairobi, Kenya','Chiromo Lane, Nairobi, Kenya','-1.3362','36.7331','-1.2683','36.8111','0729306047','1234'),
(237,'uber','ted','Karen \"C\", Nairobi, Kenya','Dagoretti Road, Nairobi, Kenya','-1.3362','36.7331','-1.3118','36.6986','0729306047','1234'),
(238,'uber','gad','Karen \"C\", Nairobi, Kenya','Chiromo Lane, Nairobi, Kenya','-1.3365','36.7331','-1.2683','36.8111','0720855354','1234'),
(239,'uber','John','280, Sarkhej - Gandhinagar Highway, Makarba, Ahmedabad, Gujarat 380015, India','Kalupur Road, Laxmi Bazar, Khadia, Ahmedabad, Gujarat 380002, India','23.0004','72.4998','23.0252','72.6002','1122334455','1234'),
(240,'uber','John','280, Sarkhej - Gandhinagar Highway, Makarba, Ahmedabad, Gujarat 380015, India','Kalupur Road, Laxmi Bazar, Khadia, Ahmedabad, Gujarat 380002, India','23.0005','72.4998','23.0252','72.6002','7586942733','1234'),
(241,'private','amos','Loita Street, Nairobi, Kenya','Embakasi, Nairobi, Kenya','-1.2843','36.8179','-1.3227','36.9261','0729306047','1234'),
(242,'uber','John','280, Sarkhej - Gandhinagar Highway, Makarba, Ahmedabad, Gujarat 380015, India','Kalupur Road, Laxmi Bazar, Khadia, Ahmedabad, Gujarat 380002, India','23.0005','72.4998','23.0252','72.6002','1409331837','1234'),
(243,'uber','John','280, Sarkhej - Gandhinagar Highway, Makarba, Ahmedabad, Gujarat 380015, India','Kalupur Road, Laxmi Bazar, Khadia, Ahmedabad, Gujarat 380002, India','23.0005','72.4998','23.0252','72.6002','1122334455','1234'),
(244,'uber','John','280, Sarkhej - Gandhinagar Highway, Makarba, Ahmedabad, Gujarat 380015, India','Kalupur Road, Laxmi Bazar, Khadia, Ahmedabad, Gujarat 380002, India','23.0005','72.4998','23.0252','72.6002','1122334455','1234'),
(245,'uber','John','280, Sarkhej - Gandhinagar Highway, Makarba, Ahmedabad, Gujarat 380015, India','Kalupur Road, Laxmi Bazar, Khadia, Ahmedabad, Gujarat 380002, India','23.0005','72.4997','23.0252','72.6002','1122334455','1234'),
(246,'uber','John','280, Sarkhej - Gandhinagar Highway, Makarba, Ahmedabad, Gujarat 380015, India','Kalupur Road, Laxmi Bazar, Khadia, Ahmedabad, Gujarat 380002, India','23.0004','72.4998','23.0252','72.6002','1122334455','1234'),
(247,'uber','John','280, Sarkhej - Gandhinagar Highway, Makarba, Ahmedabad, Gujarat 380015, India','Kalupur Road, Laxmi Bazar, Khadia, Ahmedabad, Gujarat 380002, India','23.0005','72.4998','23.0252','72.6002','1122334455','1234'),
(248,'uber','John','280, Sarkhej - Gandhinagar Highway, Makarba, Ahmedabad, Gujarat 380015, India','Kalupur Road, Laxmi Bazar, Khadia, Ahmedabad, Gujarat 380002, India','23.0005','72.4998','23.0252','72.6002','1122334455','1234'),
(249,'uber','John','280, Sarkhej - Gandhinagar Highway, Makarba, Ahmedabad, Gujarat 380015, India','Kalupur Road, Laxmi Bazar, Khadia, Ahmedabad, Gujarat 380002, India','23.0005','72.4998','23.0252','72.6002','1122334455','1234'),
(250,'uber','John','280, Sarkhej - Gandhinagar Highway, Makarba, Ahmedabad, Gujarat 380015, India','Kalupur Road, Laxmi Bazar, Khadia, Ahmedabad, Gujarat 380002, India','23.0004','72.4998','23.0252','72.6002','1122334455','1234'),
(251,'uber','John','Madaraka Estate, Nairobi, Kenya','Embakasi, Nairobi, Kenya','-1.3040','36.8246','-1.3227','36.9260','1122334455','1234'),
(252,'uber','John','Madaraka Estate, Nairobi, Kenya','Embakasi, Nairobi, Kenya','-1.3040','36.8246','-1.3227','36.9260','729306047','22013'),
(253,'uber','John','Madaraka Estate, Nairobi, Kenya','Embakasi, Nairobi, Kenya','-1.3040','36.8246','-1.3227','36.9260','+12708888024','20120'),
(254,'uber','John','Madaraka Estate, Nairobi, Kenya','Embakasi, Nairobi, Kenya','-1.3040','36.8246','-1.3227','36.9260','+12708888024','24530'),
(255,'uber','John','Madaraka Estate, Nairobi, Kenya','Embakasi, Nairobi, Kenya','-1.3040','36.8246','-1.3227','36.9260','+12708888024','42241'),
(256,'uber','John','Madaraka Estate, Nairobi, Kenya','Embakasi, Nairobi, Kenya','-1.3040','36.8246','-1.3227','36.9260','+12708888024','20240'),
(257,'uber','John','Madaraka Estate, Nairobi, Kenya','Embakasi, Nairobi, Kenya','-1.3040','36.8246','-1.3227','36.9260','729306047','41035'),
(258,'uber','John','Madaraka Estate, Nairobi, Kenya','Embakasi, Nairobi, Kenya','-1.3040','36.8246','-1.3227','36.9260','729306047','00352'),
(259,'little','John','280, Sarkhej - Gandhinagar Highway, Makarba, Ahmedabad, Gujarat 380015, India','Kalupur Road, Laxmi Bazar, Khadia, Ahmedabad, Gujarat 380002, India','23.0005','72.4998','23.0252','72.6002','729306047','61556');

/*Table structure for table `trip_details` */

DROP TABLE IF EXISTS `trip_details`;

CREATE TABLE `trip_details` (
  `id` int(11) NOT NULL AUTO_INCREMENT,
  `driver_id` int(11) NOT NULL,
  `rider_id` int(11) NOT NULL,
  `trip_started` enum('n','y') NOT NULL,
  `trip_complete` enum('n','y') NOT NULL,
  `total_ads_played` int(11) NOT NULL,
  `start_location` varchar(255) NOT NULL,
  `end_location` varchar(255) NOT NULL,
  `start_lat` varchar(255) NOT NULL,
  `start_long` varchar(255) NOT NULL,
  `end_lat` varchar(255) NOT NULL,
  `end_long` varchar(255) NOT NULL,
  `select_company` varchar(255) NOT NULL,
  `trip_start_time` timestamp NOT NULL DEFAULT '0000-00-00 00:00:00',
  `trip_complete_time` timestamp NOT NULL DEFAULT '0000-00-00 00:00:00',
  `trip_duration` varchar(255) NOT NULL,
  PRIMARY KEY (`id`)
) ENGINE=InnoDB AUTO_INCREMENT=231 DEFAULT CHARSET=latin1;

/*Data for the table `trip_details` */

insert  into `trip_details`(`id`,`driver_id`,`rider_id`,`trip_started`,`trip_complete`,`total_ads_played`,`start_location`,`end_location`,`start_lat`,`start_long`,`end_lat`,`end_long`,`select_company`,`trip_start_time`,`trip_complete_time`,`trip_duration`) values 
(1,2,5,'y','y',21,'New York','New Jersy','-1.2665861288032','36.780166625977','-1.2734508970926','36.74222946167','uber','2017-07-07 23:10:58','2017-07-08 21:11:59','1 days'),
(2,2,5,'y','n',21,'New York','New Jersy','-1.2665861288032','36.780166625977','-1.2734508970926','36.74222946167','','2017-07-07 23:10:40','0000-00-00 00:00:00',''),
(3,4,32,'y','n',0,'Madaraka Estate, Nairobi, Kenya','Embakasi, Nairobi, Kenya','-1.3040','36.8246','-1.3227','36.9260','uber','2017-07-07 23:12:47','0000-00-00 00:00:00',''),
(4,4,33,'y','n',0,'Madaraka Estate, Nairobi, Kenya','Embakasi, Nairobi, Kenya','-1.3040','36.8246','-1.3227','36.9260','uber','2017-07-07 23:15:31','0000-00-00 00:00:00',''),
(5,4,34,'y','n',0,'Madaraka Estate, Nairobi, Kenya','Embakasi, Nairobi, Kenya','-1.3040','36.8246','-1.3227','36.9260','uber','2017-07-07 23:27:23','0000-00-00 00:00:00',''),
(6,4,35,'y','n',0,'Madaraka Estate, Nairobi, Kenya','Embakasi, Nairobi, Kenya','-1.3040','36.8246','-1.3227','36.9260','uber','2017-07-07 23:40:31','0000-00-00 00:00:00',''),
(7,4,36,'y','y',0,'Madaraka Estate, Nairobi, Kenya','Embakasi, Nairobi, Kenya','-1.3040','36.8246','-1.3227','36.9260','uber','2017-07-07 23:57:14','0000-00-00 00:00:00',''),
(8,4,37,'n','n',0,'Madaraka Estate, Nairobi, Kenya','Embakasi, Nairobi, Kenya','-1.3040','36.8246','-1.3227','36.9260','uber','2017-07-08 00:04:02','0000-00-00 00:00:00',''),
(9,5,38,'n','n',0,'Madaraka Estate, Nairobi, Kenya','Embakasi, Nairobi, Kenya','-1.3040','36.8246','-1.3227','36.9260','uber','2017-07-08 15:15:47','0000-00-00 00:00:00',''),
(10,5,39,'n','n',0,'Madaraka Estate, Nairobi, Kenya','Embakasi, Nairobi, Kenya','-1.304','36.8246','-1.3327','36.9004','little','2017-07-08 15:43:49','0000-00-00 00:00:00',''),
(11,5,40,'n','n',0,'Madaraka Estate, Nairobi, Kenya','Embakasi, Nairobi, Kenya','-1.304','36.8246','-1.3327','36.9004','little','2017-07-08 15:47:25','0000-00-00 00:00:00',''),
(12,5,41,'n','n',0,'Madaraka Estate, Nairobi, Kenya','Embakasi, Nairobi, Kenya','-1.304','36.8246','-1.3327','36.9004','little','2017-07-08 15:50:48','0000-00-00 00:00:00',''),
(13,5,42,'n','n',0,'Madaraka Estate, Nairobi, Kenya','Embakasi, Nairobi, Kenya','-1.304','36.8246','-1.3327','36.9004','little','2017-07-08 15:52:56','0000-00-00 00:00:00',''),
(14,5,43,'y','n',0,'Madaraka Estate, Nairobi, Kenya','Embakasi, Nairobi, Kenya','-1.304','36.8246','-1.3327','36.9004','uber','2017-07-08 19:39:24','0000-00-00 00:00:00',''),
(15,5,44,'n','n',0,'Madaraka Estate, Nairobi, Kenya','Embakasi, Nairobi, Kenya','-1.304','36.8246','-1.3327','36.9004','little','2017-07-08 15:59:39','0000-00-00 00:00:00',''),
(16,5,45,'n','n',0,'Madaraka Estate, Nairobi, Kenya','Embakasi, Nairobi, Kenya','-1.304','36.8246','-1.3327','36.9004','taxify','2017-07-08 16:02:15','0000-00-00 00:00:00',''),
(17,5,46,'n','n',0,'Madaraka Estate, Nairobi, Kenya','Embakasi, Nairobi, Kenya','-1.304','36.8246','-1.3327','36.9004','little','2017-07-08 16:04:25','0000-00-00 00:00:00',''),
(18,5,47,'n','n',0,'Madaraka Estate, Nairobi, Kenya','Embakasi, Nairobi, Kenya','-1.304','36.8246','-1.3327','36.9004','mondo','2017-07-08 16:12:18','0000-00-00 00:00:00',''),
(19,5,48,'n','n',0,'Madaraka Estate, Nairobi, Kenya','Embakasi, Nairobi, Kenya','-1.304','36.8246','-1.3327','36.9004','taxify','2017-07-08 16:14:09','0000-00-00 00:00:00',''),
(20,5,49,'n','n',0,'Madaraka Estate, Nairobi, Kenya','Embakasi, Nairobi, Kenya','-1.304','36.8246','-1.3327','36.9004','little','2017-07-08 16:15:56','0000-00-00 00:00:00',''),
(21,5,50,'n','n',0,'Madaraka Estate, Nairobi, Kenya','Embakasi, Nairobi, Kenya','-1.304','36.8246','-1.3327','36.9004','little','2017-07-08 16:19:11','0000-00-00 00:00:00',''),
(22,5,51,'n','n',0,'Madaraka Estate, Nairobi, Kenya','Embakasi, Nairobi, Kenya','-1.304','36.8246','-1.3327','36.9004','little','2017-07-08 16:22:22','0000-00-00 00:00:00',''),
(23,5,52,'n','n',0,'Madaraka Estate, Nairobi, Kenya','Embakasi, Nairobi, Kenya','-1.304','36.8246','-1.3327','36.9004','little','2017-07-08 16:24:16','0000-00-00 00:00:00',''),
(24,5,53,'n','n',0,'Madaraka Estate, Nairobi, Kenya','Embakasi, Nairobi, Kenya','-1.304','36.8246','-1.3327','36.9004','little','2017-07-08 16:31:04','0000-00-00 00:00:00',''),
(25,5,54,'n','n',0,'Madaraka Estate, Nairobi, Kenya','Embakasi, Nairobi, Kenya','-1.304','36.8246','-1.3327','36.9004','little','2017-07-08 16:34:02','0000-00-00 00:00:00',''),
(26,5,55,'n','n',0,'Madaraka Estate, Nairobi, Kenya','Embakasi, Nairobi, Kenya','-1.304','36.8246','-1.3327','36.9004','little','2017-07-08 16:39:06','0000-00-00 00:00:00',''),
(27,5,56,'n','n',0,'Madaraka Estate, Nairobi, Kenya','Embakasi, Nairobi, Kenya','-1.304','36.8246','-1.3327','36.9004','uber','2017-07-08 16:44:31','0000-00-00 00:00:00',''),
(28,5,57,'n','n',0,'Madaraka Estate, Nairobi, Kenya','Embakasi, Nairobi, Kenya','-1.304','36.8246','-1.3327','36.9004','little','2017-07-08 16:48:44','0000-00-00 00:00:00',''),
(29,5,58,'n','n',0,'Madaraka Estate, Nairobi, Kenya','Embakasi, Nairobi, Kenya','-1.304','36.8246','-1.3327','36.9004','little','2017-07-08 16:51:55','0000-00-00 00:00:00',''),
(30,5,59,'n','n',0,'Madaraka Estate, Nairobi, Kenya','Embakasi, Nairobi, Kenya','-1.304','36.8246','-1.3327','36.9004','little','2017-07-08 16:53:49','0000-00-00 00:00:00',''),
(31,5,60,'n','n',0,'Madaraka Estate, Nairobi, Kenya','Embakasi, Nairobi, Kenya','-1.3040','36.8246','-1.3227','36.9260','uber','2017-07-08 16:55:38','0000-00-00 00:00:00',''),
(32,5,61,'n','n',0,'Madaraka Estate, Nairobi, Kenya','Embakasi, Nairobi, Kenya','-1.3040','36.8246','-1.3227','36.9260','uber','2017-07-08 17:04:53','0000-00-00 00:00:00',''),
(33,5,62,'n','n',0,'Madaraka Estate, Nairobi, Kenya','Embakasi, Nairobi, Kenya','-1.3040','36.8246','-1.3227','36.9260','uber','2017-07-08 17:05:02','0000-00-00 00:00:00',''),
(34,5,63,'n','n',0,'Madaraka Estate, Nairobi, Kenya','Embakasi, Nairobi, Kenya','-1.304','36.8246','-1.3327','36.9004','little','2017-07-08 17:05:44','0000-00-00 00:00:00',''),
(35,5,64,'n','n',0,'Madaraka Estate, Nairobi, Kenya','Embakasi, Nairobi, Kenya','-1.304','36.8246','-1.3327','36.9004','little','2017-07-08 17:08:22','0000-00-00 00:00:00',''),
(36,5,65,'n','n',0,'Madaraka Estate, Nairobi, Kenya','Embakasi, Nairobi, Kenya','-1.304','36.8246','-1.3327','36.9004','little','2017-07-08 17:20:10','0000-00-00 00:00:00',''),
(37,5,66,'n','n',0,'Madaraka Estate, Nairobi, Kenya','Embakasi, Nairobi, Kenya','-1.3040','36.8246','-1.3227','36.9260','uber','2017-07-08 17:27:58','0000-00-00 00:00:00',''),
(38,5,67,'n','n',0,'Madaraka Estate, Nairobi, Kenya','Embakasi, Nairobi, Kenya','-1.304','36.8246','-1.3327','36.9004','little','2017-07-08 17:29:23','0000-00-00 00:00:00',''),
(39,5,68,'n','n',0,'Madaraka Estate, Nairobi, Kenya','Embakasi, Nairobi, Kenya','-1.304','36.8246','-1.3327','36.9004','little','2017-07-08 17:34:12','0000-00-00 00:00:00',''),
(40,5,69,'n','n',0,'Madaraka Estate, Nairobi, Kenya','Embakasi, Nairobi, Kenya','-1.304','36.8246','-1.3327','36.9004','little','2017-07-08 17:40:43','0000-00-00 00:00:00',''),
(41,5,70,'n','n',0,'Madaraka Estate, Nairobi, Kenya','Embakasi, Nairobi, Kenya','-1.304','36.8246','-1.3327','36.9004','little','2017-07-08 17:42:38','0000-00-00 00:00:00',''),
(42,5,71,'n','n',0,'Madaraka Estate, Nairobi, Kenya','Embakasi, Nairobi, Kenya','-1.304','36.8246','-1.3327','36.9004','little','2017-07-08 17:44:50','0000-00-00 00:00:00',''),
(43,5,72,'n','n',0,'Madaraka Estate, Nairobi, Kenya','Embakasi, Nairobi, Kenya','-1.304','36.8246','-1.3327','36.9004','little','2017-07-08 17:48:21','0000-00-00 00:00:00',''),
(44,5,73,'n','n',0,'Madaraka Estate, Nairobi, Kenya','Embakasi, Nairobi, Kenya','-1.304','36.8246','-1.3327','36.9004','little','2017-07-08 17:53:13','0000-00-00 00:00:00',''),
(45,5,74,'n','n',0,'Madaraka Estate, Nairobi, Kenya','Embakasi, Nairobi, Kenya','-1.304','36.8246','-1.3327','36.9004','mondo','2017-07-08 18:02:37','0000-00-00 00:00:00',''),
(46,5,75,'n','n',0,'Madaraka Estate, Nairobi, Kenya','Embakasi, Nairobi, Kenya','-1.3040','36.8246','-1.3227','36.9260','uber','2017-07-08 18:12:36','0000-00-00 00:00:00',''),
(47,5,76,'n','n',0,'Madaraka Estate, Nairobi, Kenya','Embakasi, Nairobi, Kenya','-1.3040','36.8246','-1.3227','36.9260','uber','2017-07-08 18:12:41','0000-00-00 00:00:00',''),
(48,5,77,'n','n',0,'Madaraka Estate, Nairobi, Kenya','Embakasi, Nairobi, Kenya','-1.3040','36.8246','-1.3227','36.9260','uber','2017-07-08 18:12:50','0000-00-00 00:00:00',''),
(49,5,78,'n','n',0,'Madaraka Estate, Nairobi, Kenya','Embakasi, Nairobi, Kenya','-1.3040','36.8246','-1.3227','36.9260','uber','2017-07-08 18:12:52','0000-00-00 00:00:00',''),
(50,5,79,'y','y',0,'Madaraka Estate, Nairobi, Kenya','Embakasi, Nairobi, Kenya','-1.3040','36.8246','-1.3227','36.9260','uber','2017-07-08 18:13:11','0000-00-00 00:00:00',''),
(51,5,80,'n','n',0,'Madaraka Estate, Nairobi, Kenya','Embakasi, Nairobi, Kenya','-1.304','36.8246','-1.3327','36.9004','little','2017-07-08 18:23:12','0000-00-00 00:00:00',''),
(52,5,81,'n','n',0,'Madaraka Estate, Nairobi, Kenya','Embakasi, Nairobi, Kenya','-1.304','36.8246','-1.3327','36.9004','little','2017-07-08 18:28:26','0000-00-00 00:00:00',''),
(53,5,82,'n','n',0,'Madaraka Estate, Nairobi, Kenya','Embakasi, Nairobi, Kenya','-1.304','36.8246','-1.3327','36.9004','little','2017-07-08 18:29:48','0000-00-00 00:00:00',''),
(54,5,83,'y','y',0,'Madaraka Estate, Nairobi, Kenya','Embakasi, Nairobi, Kenya','-1.3040','36.8246','-1.3227','36.9260','uber','2017-07-08 19:52:32','2017-07-08 19:52:32',''),
(55,5,84,'y','y',0,'Madaraka Estate, Nairobi, Kenya','Embakasi, Nairobi, Kenya','-1.304','36.8246','-1.3327','36.9004','little','2017-07-08 20:00:02','2017-07-08 20:00:02',''),
(56,5,85,'y','y',0,'Madaraka Estate, Nairobi, Kenya','Embakasi, Nairobi, Kenya','-1.304','36.8246','-1.3327','36.9004','little','2017-07-08 20:01:39','2017-07-08 20:01:39',''),
(57,5,86,'n','n',0,'12-A, Prahlad Nagar, Ahmedabad, Gujarat 380015, India','Embakasi, Nairobi, Kenya','23.0098','72.503','-1.3327','36.9004','little','2017-07-08 20:11:47','0000-00-00 00:00:00',''),
(58,5,87,'n','n',0,'12-A, Prahlad Nagar, Ahmedabad, Gujarat 380015, India','Chhatrapati Shivaji International Airport Area, Vile Parle, Mumbai, Maharashtra, India','23.0098','72.503','19.0896','72.8656','little','2017-07-08 20:15:19','0000-00-00 00:00:00',''),
(59,5,88,'y','y',0,'Madaraka Estate, Nairobi, Kenya','Embakasi, Nairobi, Kenya','-1.304','36.8246','-1.3327','36.9004','little','2017-07-08 20:18:45','2017-07-08 20:18:45',''),
(60,5,89,'y','y',0,'Madaraka Estate, Nairobi, Kenya','Embakasi, Nairobi, Kenya','-1.304','36.8246','-1.3327','36.9004','little','2017-07-08 20:24:47','2017-07-08 20:24:47',''),
(61,5,90,'y','y',0,'12-A, Prahlad Nagar, Ahmedabad, Gujarat 380015, India','Kalupur Road, Laxmi Bazar, Khadia, Ahmedabad, Gujarat 380002, India','23.0098','72.503','23.0252','72.6002','little','2017-07-08 20:32:54','2017-07-08 20:32:54',''),
(62,5,91,'n','n',0,'12-A, Prahlad Nagar, Ahmedabad, Gujarat 380015, India','Kalupur Road, Laxmi Bazar, Khadia, Ahmedabad, Gujarat 380002, India','23.0098','72.503','23.0252','72.6002','mondo','2017-07-08 20:39:27','0000-00-00 00:00:00',''),
(63,5,92,'y','y',0,'12-A, Prahlad Nagar, Ahmedabad, Gujarat 380015, India','Kalupur Road, Laxmi Bazar, Khadia, Ahmedabad, Gujarat 380002, India','23.0098','72.503','23.0252','72.6002','little','2017-07-08 20:42:51','2017-07-08 20:42:51',''),
(64,5,93,'y','y',0,'Madaraka Estate, Nairobi, Kenya','Embakasi, Nairobi, Kenya','-1.304','36.8246','-1.3327','36.9004','uber','2017-07-08 20:45:17','2017-07-08 20:45:17',''),
(65,5,94,'y','y',0,'Madaraka Estate, Nairobi, Kenya','Embakasi, Nairobi, Kenya','-1.3040','36.8246','-1.3227','36.9260','uber','2017-07-08 20:57:16','2017-07-08 20:57:16',''),
(66,5,95,'y','y',0,'Madaraka Estate, Nairobi, Kenya','Embakasi, Nairobi, Kenya','-1.304','36.8246','-1.3327','36.9004','little','2017-07-08 21:01:03','2017-07-08 21:01:03',''),
(67,5,96,'y','n',0,'Madaraka Estate, Nairobi, Kenya','Embakasi, Nairobi, Kenya','-1.304','36.8246','-1.3327','36.9004','mondo','2017-07-08 21:09:33','0000-00-00 00:00:00',''),
(68,5,97,'n','n',0,'Madaraka Estate, Nairobi, Kenya','Embakasi, Nairobi, Kenya','-1.3040','36.8246','-1.3227','36.9260','uber','2017-07-08 21:10:07','0000-00-00 00:00:00',''),
(69,5,98,'y','y',0,'Madaraka Estate, Nairobi, Kenya','Embakasi, Nairobi, Kenya','-1.304','36.8246','-1.3327','36.9004','little','2017-07-08 23:26:48','2017-07-08 23:27:40','00:00:52'),
(70,5,99,'y','y',0,'Madaraka Estate, Nairobi, Kenya','Embakasi, Nairobi, Kenya','-1.3040','36.8246','-1.3227','36.9260','uber','2017-07-08 23:28:49','2017-07-08 23:28:38','838:59:59'),
(71,5,100,'y','n',0,'Madaraka Estate, Nairobi, Kenya','Embakasi, Nairobi, Kenya','-1.304','36.8246','-1.3327','36.9004','little','2017-07-08 23:35:09','0000-00-00 00:00:00',''),
(72,5,101,'y','n',0,'Madaraka Estate, Nairobi, Kenya','Embakasi, Nairobi, Kenya','-1.304','36.8246','-1.3327','36.9004','little','2017-07-08 23:42:23','0000-00-00 00:00:00',''),
(73,5,102,'y','y',0,'Madaraka Estate, Nairobi, Kenya','Embakasi, Nairobi, Kenya','-1.304','36.8246','-1.3327','36.9004','little','2017-07-08 23:44:58','2017-07-08 23:45:19',''),
(74,5,103,'y','y',0,'Madaraka Estate, Nairobi, Kenya','Embakasi, Nairobi, Kenya','-1.304','36.8246','-1.3327','36.9004','little','2017-07-08 23:49:51','2017-07-08 23:50:01','00:00:10'),
(75,5,104,'n','n',0,'Vastrapur Station Road, Makarba, Ahmedabad, Gujarat 380015, India','Sarkhej - Gandhinagar Highway, Satellite, Ahmedabad, Gujarat 380054, India','22.9999','72.5001','23.0305','72.5075','mondo','0000-00-00 00:00:00','0000-00-00 00:00:00',''),
(76,5,105,'y','y',0,'280, Sarkhej - Gandhinagar Highway, Makarba, Ahmedabad, Gujarat 380015, India','Dutch Cemetery Road, Fort Kochi, Kochi, Kerala 682001, India','23.0004','72.4998','9.964','76.2385','taxify','2017-07-10 17:30:42','2017-07-10 17:30:44','00:00:02'),
(77,5,106,'n','n',0,'280, Sarkhej - Gandhinagar Highway, Makarba, Ahmedabad, Gujarat 380015, India','Kalupur Road, Laxmi Bazar, Khadia, Ahmedabad, Gujarat 380002, India','23.0005','72.4998','23.0252','72.6002','mondo','0000-00-00 00:00:00','0000-00-00 00:00:00',''),
(78,5,107,'n','n',0,'Madaraka Estate, Nairobi, Kenya','Embakasi, Nairobi, Kenya','-1.3040','36.8246','-1.3227','36.9260','uber','0000-00-00 00:00:00','0000-00-00 00:00:00',''),
(79,5,108,'n','n',0,'Madaraka Estate, Nairobi, Kenya','Embakasi, Nairobi, Kenya','-1.3040','36.8246','-1.3227','36.9260','uber','0000-00-00 00:00:00','0000-00-00 00:00:00',''),
(80,5,109,'n','n',0,'280, Sarkhej - Gandhinagar Highway, Makarba, Ahmedabad, Gujarat 380015, India','Kalupur Road, Laxmi Bazar, Khadia, Ahmedabad, Gujarat 380002, India','23.0004','72.4998','23.0252','72.6002','taxify','0000-00-00 00:00:00','0000-00-00 00:00:00',''),
(81,5,110,'n','n',0,'280, Sarkhej - Gandhinagar Highway, Makarba, Ahmedabad, Gujarat 380015, India','Kalupur Road, Laxmi Bazar, Khadia, Ahmedabad, Gujarat 380002, India','23.0004','72.4998','23.0252','72.6002','mondo','0000-00-00 00:00:00','0000-00-00 00:00:00',''),
(82,5,111,'n','n',0,'280, Sarkhej - Gandhinagar Highway, Makarba, Ahmedabad, Gujarat 380015, India','Kalupur Road, Laxmi Bazar, Khadia, Ahmedabad, Gujarat 380002, India','23.0004','72.4998','23.0252','72.6002','taxify','0000-00-00 00:00:00','0000-00-00 00:00:00',''),
(83,5,112,'n','n',0,'280, Sarkhej - Gandhinagar Highway, Makarba, Ahmedabad, Gujarat 380015, India','Kalupur Road, Laxmi Bazar, Khadia, Ahmedabad, Gujarat 380002, India','23.0005','72.4998','23.0252','72.6002','mondo','0000-00-00 00:00:00','0000-00-00 00:00:00',''),
(84,5,113,'n','n',0,'280, Sarkhej - Gandhinagar Highway, Makarba, Ahmedabad, Gujarat 380015, India','Kalupur Road, Laxmi Bazar, Khadia, Ahmedabad, Gujarat 380002, India','23.0005','72.4998','23.0252','72.6002','mondo','0000-00-00 00:00:00','0000-00-00 00:00:00',''),
(85,5,114,'n','n',0,'280, Sarkhej - Gandhinagar Highway, Makarba, Ahmedabad, Gujarat 380015, India','Kalupur Road, Laxmi Bazar, Khadia, Ahmedabad, Gujarat 380002, India','23.0004','72.4998','23.0252','72.6002','mondo','0000-00-00 00:00:00','0000-00-00 00:00:00',''),
(86,5,115,'n','n',0,'280, Sarkhej - Gandhinagar Highway, Makarba, Ahmedabad, Gujarat 380015, India','Kalupur Road, Laxmi Bazar, Khadia, Ahmedabad, Gujarat 380002, India','23.0004','72.4999','23.0252','72.6002','mondo','0000-00-00 00:00:00','0000-00-00 00:00:00',''),
(87,5,116,'n','n',0,'280, Sarkhej - Gandhinagar Highway, Makarba, Ahmedabad, Gujarat 380015, India','Kalupur Road, Laxmi Bazar, Khadia, Ahmedabad, Gujarat 380002, India','23.0003','72.4999','23.0252','72.6002','mondo','0000-00-00 00:00:00','0000-00-00 00:00:00',''),
(88,5,117,'n','n',0,'4, 100 Feet Road, Makarba, Ahmedabad, Gujarat 380015, India','Kalupur Road, Laxmi Bazar, Khadia, Ahmedabad, Gujarat 380002, India','23.002','72.502','23.0252','72.6002','taxify','0000-00-00 00:00:00','0000-00-00 00:00:00',''),
(89,5,118,'n','n',0,'Madaraka Estate, Nairobi, Kenya','Embakasi, Nairobi, Kenya','-1.3040','36.8246','-1.3227','36.9260','uber','0000-00-00 00:00:00','0000-00-00 00:00:00',''),
(90,5,119,'n','n',0,'4, 100 Feet Road, Makarba, Ahmedabad, Gujarat 380015, India','Kalupur Road, Laxmi Bazar, Khadia, Ahmedabad, Gujarat 380002, India','23.002','72.502','23.0252','72.6002','taxify','0000-00-00 00:00:00','0000-00-00 00:00:00',''),
(91,5,120,'y','n',0,'Madaraka Estate, Nairobi, Kenya','Embakasi, Nairobi, Kenya','-1.304','36.8246','-1.3327','36.9004','mondo','2017-07-10 20:28:33','0000-00-00 00:00:00',''),
(92,5,121,'y','n',0,'Madaraka Estate, Nairobi, Kenya','Embakasi, Nairobi, Kenya','-1.304','36.8246','-1.3327','36.9004','mondo','2017-07-10 20:32:52','0000-00-00 00:00:00',''),
(93,5,122,'y','n',0,'Madaraka Estate, Nairobi, Kenya','Embakasi, Nairobi, Kenya','-1.304','36.8246','-1.3327','36.9004','mondo','2017-07-10 20:34:57','0000-00-00 00:00:00',''),
(94,5,123,'y','n',0,'Madaraka Estate, Nairobi, Kenya','Embakasi, Nairobi, Kenya','-1.304','36.8246','-1.3327','36.9004','mondo','2017-07-10 20:45:23','0000-00-00 00:00:00',''),
(95,5,124,'y','n',0,'Madaraka Estate, Nairobi, Kenya','Embakasi, Nairobi, Kenya','-1.304','36.8246','-1.3327','36.9004','mondo','2017-07-10 21:14:54','0000-00-00 00:00:00',''),
(96,5,125,'n','n',0,'Madaraka Estate, Nairobi, Kenya','Embakasi, Nairobi, Kenya','-1.3040','36.8246','-1.3227','36.9260','uber','0000-00-00 00:00:00','0000-00-00 00:00:00',''),
(97,5,126,'y','y',0,'Madaraka Estate, Nairobi, Kenya','Embakasi, Nairobi, Kenya','-1.3040','36.8246','-1.3227','36.9260','uber','2017-07-10 23:02:26','2017-07-10 23:02:56','00:00:30'),
(98,5,127,'n','n',0,'Madaraka Estate, Nairobi, Kenya','Embakasi, Nairobi, Kenya','-1.3040','36.8246','-1.3227','36.9260','uber','0000-00-00 00:00:00','0000-00-00 00:00:00',''),
(99,5,128,'y','y',0,'Madaraka Estate, Nairobi, Kenya','Embakasi, Nairobi, Kenya','-1.3040','36.8246','-1.3227','36.9260','uber','2017-07-10 23:12:05','2017-07-10 23:16:47','00:04:42'),
(100,5,129,'y','n',0,'Madaraka Estate, Nairobi, Kenya','Embakasi, Nairobi, Kenya','-1.304','36.8246','-1.3327','36.9004','mondo','2017-07-11 15:20:22','0000-00-00 00:00:00',''),
(101,5,130,'y','y',0,'Madaraka Estate, Nairobi, Kenya','Embakasi, Nairobi, Kenya','-1.304','36.8246','-1.3327','36.9004','mondo','2017-07-11 15:23:44','2017-07-11 15:25:26','00:01:42'),
(102,5,131,'y','n',0,'Madaraka Estate, Nairobi, Kenya','Embakasi, Nairobi, Kenya','-1.304','36.8246','-1.3327','36.9004','mondo','2017-07-11 15:37:02','0000-00-00 00:00:00',''),
(103,5,132,'y','y',0,'Madaraka Estate, Nairobi, Kenya','Embakasi, Nairobi, Kenya','-1.3040','36.8246','-1.3227','36.9260','uber','2017-07-11 15:38:45','2017-07-11 15:39:33','00:00:48'),
(104,5,133,'y','n',0,'Madaraka Estate, Nairobi, Kenya','Embakasi, Nairobi, Kenya','-1.3040','36.8246','-1.3227','36.9260','uber','2017-07-11 15:41:54','0000-00-00 00:00:00',''),
(105,5,134,'y','n',0,'Madaraka Estate, Nairobi, Kenya','Embakasi, Nairobi, Kenya','-1.3040','36.8246','-1.3227','36.9260','uber','2017-07-11 15:43:28','0000-00-00 00:00:00',''),
(106,5,135,'y','n',0,'Madaraka Estate, Nairobi, Kenya','Embakasi, Nairobi, Kenya','-1.304','36.8246','-1.3327','36.9004','mondo','2017-07-11 15:49:02','0000-00-00 00:00:00',''),
(107,5,136,'y','n',0,'Madaraka Estate, Nairobi, Kenya','Embakasi, Nairobi, Kenya','-1.304','36.8246','-1.3327','36.9004','mondo','2017-07-11 15:54:58','0000-00-00 00:00:00',''),
(108,5,137,'y','n',0,'Madaraka Estate, Nairobi, Kenya','Embakasi, Nairobi, Kenya','-1.3040','36.8246','-1.3227','36.9260','uber','2017-07-11 15:58:35','0000-00-00 00:00:00',''),
(109,5,138,'y','n',0,'Madaraka Estate, Nairobi, Kenya','Embakasi, Nairobi, Kenya','-1.304','36.8246','-1.3327','36.9004','mondo','2017-07-11 16:01:11','0000-00-00 00:00:00',''),
(110,5,139,'n','n',0,'Madaraka Estate, Nairobi, Kenya','Embakasi, Nairobi, Kenya','-1.3040','36.8246','-1.3227','36.9260','uber','0000-00-00 00:00:00','0000-00-00 00:00:00',''),
(111,5,140,'n','n',0,'Madaraka Estate, Nairobi, Kenya','Embakasi, Nairobi, Kenya','-1.3040','36.8246','-1.3227','36.9260','uber','0000-00-00 00:00:00','0000-00-00 00:00:00',''),
(112,5,141,'y','n',0,'Madaraka Estate, Nairobi, Kenya','Embakasi, Nairobi, Kenya','-1.304','36.8246','-1.3327','36.9004','mondo','2017-07-11 16:12:25','0000-00-00 00:00:00',''),
(113,5,142,'n','n',0,'Madaraka Estate, Nairobi, Kenya','Embakasi, Nairobi, Kenya','-1.3040','36.8246','-1.3227','36.9260','uber','0000-00-00 00:00:00','0000-00-00 00:00:00',''),
(114,5,143,'y','n',0,'Madaraka Estate, Nairobi, Kenya','Embakasi, Nairobi, Kenya','-1.304','36.8246','-1.3327','36.9004','mondo','2017-07-11 16:16:11','0000-00-00 00:00:00',''),
(115,5,144,'y','n',0,'Madaraka Estate, Nairobi, Kenya','Embakasi, Nairobi, Kenya','-1.304','36.8246','-1.3327','36.9004','mondo','2017-07-11 16:18:27','0000-00-00 00:00:00',''),
(116,5,145,'y','n',0,'Madaraka Estate, Nairobi, Kenya','Embakasi, Nairobi, Kenya','-1.3040','36.8246','-1.3227','36.9260','uber','2017-07-11 16:21:56','0000-00-00 00:00:00',''),
(117,5,146,'y','n',0,'Madaraka Estate, Nairobi, Kenya','Embakasi, Nairobi, Kenya','-1.304','36.8246','-1.3327','36.9004','mondo','2017-07-11 16:26:28','0000-00-00 00:00:00',''),
(118,5,147,'y','y',0,'Madaraka Estate, Nairobi, Kenya','Embakasi, Nairobi, Kenya','-1.3040','36.8246','-1.3227','36.9260','uber','2017-07-11 16:35:19','2017-07-11 16:36:14','00:00:55'),
(119,5,148,'n','n',0,'Madaraka Estate, Nairobi, Kenya','Embakasi, Nairobi, Kenya','-1.3040','36.8246','-1.3227','36.9260','uber','0000-00-00 00:00:00','0000-00-00 00:00:00',''),
(120,4,149,'y','y',0,'Loita Street, Nairobi, Kenya','Dagoretti Road, Nairobi, Kenya','-1.2843','36.8179','-1.3118','36.6986','taxify','2017-07-11 19:09:31','2017-07-11 19:09:47',''),
(121,5,150,'y','n',0,'Madaraka Estate, Nairobi, Kenya','Embakasi, Nairobi, Kenya','-1.304','36.8246','-1.3327','36.9004','mondo','2017-07-11 19:12:33','0000-00-00 00:00:00',''),
(122,4,151,'y','y',0,'Loita Street, Nairobi, Kenya','Loita Street, Nairobi, Kenya','-1.2843','36.8179','-1.2845','36.8177','uber','2017-07-11 19:16:16','2017-07-11 19:16:24',''),
(123,5,152,'y','n',0,'Madaraka Estate, Nairobi, Kenya','Embakasi, Nairobi, Kenya','-1.304','36.8246','-1.3327','36.9004','mondo','2017-07-11 19:17:31','0000-00-00 00:00:00',''),
(124,4,153,'y','y',0,'Loita Street, Nairobi, Kenya','Saint Hellen Lane, Nairobi, Kenya','-1.2843','36.8179','-1.336','36.7304','uber','2017-07-11 19:20:56','2017-07-11 19:22:34',''),
(125,5,154,'y','y',0,'Madaraka Estate, Nairobi, Kenya','Embakasi, Nairobi, Kenya','-1.304','36.8246','-1.3327','36.9004','mondo','2017-07-11 19:21:27','2017-07-11 19:23:20','00:01:53'),
(126,4,155,'n','n',0,'Loita Street, Nairobi, Kenya','New Loresho Estate, Nairobi, Kenya','-1.2843','36.8179','-1.2537','36.7442','uber','0000-00-00 00:00:00','0000-00-00 00:00:00',''),
(127,4,156,'y','y',0,'Loita Street, Nairobi, Kenya','New Loresho Estate, Nairobi, Kenya','-1.2843','36.8179','-1.2537','36.7442','uber','2017-07-11 19:34:54','2017-07-11 19:35:01',''),
(128,4,157,'n','n',0,'Loita Street, Nairobi, Kenya','New Loresho Estate, Nairobi, Kenya','-1.2843','36.8179','-1.2537','36.7442','little','0000-00-00 00:00:00','0000-00-00 00:00:00',''),
(129,4,158,'n','n',0,'Loita Street, Nairobi, Kenya','Unnamed Road, Kikuyu, Kenya','-1.2843','36.8179','-1.2543','36.6817','uber','0000-00-00 00:00:00','0000-00-00 00:00:00',''),
(130,5,159,'y','n',0,'Madaraka Estate, Nairobi, Kenya','Machakos County, Kenya','-1.304','36.8246','-1.267009','37.320177','taxify','2017-07-11 20:37:20','0000-00-00 00:00:00',''),
(131,5,160,'n','n',0,'Madaraka Estate, Nairobi, Kenya','Machakos County, Kenya','-1.304','36.8246','-1.267009','37.320177','taxify','0000-00-00 00:00:00','0000-00-00 00:00:00',''),
(132,5,161,'y','y',0,'Madaraka Estate, Nairobi, Kenya','Karen, Nairobi, Kenya','-1.304','36.8246','-1.316866','36.690329','mondo','2017-07-11 21:08:23','2017-07-11 21:28:43','00:20:20'),
(133,7,162,'n','n',0,'Loita Street, Nairobi, Kenya','Chiromo Lane, Nairobi, Kenya','-1.2843','36.8179','-1.2683','36.8111','little','0000-00-00 00:00:00','0000-00-00 00:00:00',''),
(134,4,163,'n','n',0,'Loita Street, Nairobi, Kenya','Unnamed Road, Kikuyu, Kenya','-1.2843','36.8177','-1.2543','36.6817','taxify','0000-00-00 00:00:00','0000-00-00 00:00:00',''),
(135,4,164,'n','n',0,'Loita Street, Nairobi, Kenya','Langata, Nairobi, Kenya','-1.2843','36.8179','-1.3435','36.7651','private','0000-00-00 00:00:00','0000-00-00 00:00:00',''),
(136,4,165,'n','n',0,'Loita Street, Nairobi, Kenya','Chiromo Lane, Nairobi, Kenya','-1.2843','36.8179','-1.2683','36.8111','uber','0000-00-00 00:00:00','0000-00-00 00:00:00',''),
(137,4,166,'n','n',0,'Loita Street, Nairobi, Kenya','Chiromo Lane, Nairobi, Kenya','-1.2843','36.8179','-1.2683','36.8111','uber','0000-00-00 00:00:00','0000-00-00 00:00:00',''),
(138,4,167,'n','n',0,'Loita Street, Nairobi, Kenya','Chiromo Lane, Nairobi, Kenya','-1.2843','36.8179','-1.2683','36.8111','little','0000-00-00 00:00:00','0000-00-00 00:00:00',''),
(139,5,168,'n','n',0,'Madaraka Estate, Nairobi, Kenya','Karen, Nairobi, Kenya','-1.304','36.8246','-1.316866','36.690329','little','0000-00-00 00:00:00','0000-00-00 00:00:00',''),
(140,5,169,'n','n',0,'Madaraka Estate, Nairobi, Kenya','Karen, Nairobi, Kenya','-1.304','36.8246','-1.316866','36.690329','little','0000-00-00 00:00:00','0000-00-00 00:00:00',''),
(141,4,170,'n','n',0,'Loita Street, Nairobi, Kenya','New Loresho Estate, Nairobi, Kenya','-1.2843','36.8179','-1.2537','36.7442','uber','0000-00-00 00:00:00','0000-00-00 00:00:00',''),
(142,5,171,'y','y',0,'Madaraka Estate, Nairobi, Kenya','Karen, Nairobi, Kenya','-1.304','36.8246','-1.316866','36.690329','uber','2017-07-17 16:14:12','2017-07-17 16:14:14','00:00:02'),
(143,5,172,'y','y',0,'Madaraka Estate, Nairobi, Kenya','Karen, Nairobi, Kenya','-1.304','36.8246','-1.316866','36.690329','uber','2017-07-17 16:45:30','2017-07-17 16:46:54','00:01:24'),
(144,5,173,'n','n',0,'Madaraka Estate, Nairobi, Kenya','Karen, Nairobi, Kenya','-1.304','36.8246','-1.316866','36.690329','taxify','0000-00-00 00:00:00','0000-00-00 00:00:00',''),
(145,5,174,'n','n',0,'Madaraka Estate, Nairobi, Kenya','Karen, Nairobi, Kenya','-1.304','36.8246','-1.316866','36.690329','taxify','0000-00-00 00:00:00','0000-00-00 00:00:00',''),
(146,5,175,'n','n',0,'Madaraka Estate, Nairobi, Kenya','Karen, Nairobi, Kenya','-1.304','36.8246','-1.316866','36.690329','taxify','0000-00-00 00:00:00','0000-00-00 00:00:00',''),
(147,5,176,'n','n',0,'Madaraka Estate, Nairobi, Kenya','Karen, Nairobi, Kenya','-1.304','36.8246','-1.316866','36.690329','little','0000-00-00 00:00:00','0000-00-00 00:00:00',''),
(148,5,177,'n','n',0,'Madaraka Estate, Nairobi, Kenya','Karen, Nairobi, Kenya','-1.304','36.8246','-1.316866','36.690329','taxify','0000-00-00 00:00:00','0000-00-00 00:00:00',''),
(149,5,178,'n','n',0,'Madaraka Estate, Nairobi, Kenya','Karen, Nairobi, Kenya','-1.304','36.8246','-1.316866','36.690329','taxify','0000-00-00 00:00:00','0000-00-00 00:00:00',''),
(150,5,179,'n','n',0,'Madaraka Estate, Nairobi, Kenya','Karen, Nairobi, Kenya','-1.304','36.8246','-1.316866','36.690329','taxify','0000-00-00 00:00:00','0000-00-00 00:00:00',''),
(151,5,180,'y','y',0,'Madaraka Estate, Nairobi, Kenya','Karen, Nairobi, Kenya','-1.304','36.8246','-1.316866','36.690329','taxify','2017-07-17 21:59:17','2017-07-17 21:59:25','00:00:08'),
(152,5,181,'y','y',0,'Madaraka Estate, Nairobi, Kenya','Karen, Nairobi, Kenya','-1.304','36.8246','-1.316866','36.690329','taxify','2017-07-17 22:02:55','2017-07-17 22:03:02','00:00:07'),
(153,5,182,'n','n',0,'Madaraka Estate, Nairobi, Kenya','Embakasi, Nairobi, Kenya','-1.304','36.8246','-1.3327','36.9004','taxify','0000-00-00 00:00:00','0000-00-00 00:00:00',''),
(154,5,183,'n','n',0,'Madaraka Estate, Nairobi, Kenya','Embakasi, Nairobi, Kenya','-1.304','36.8246','-1.3327','36.9004','taxify','0000-00-00 00:00:00','0000-00-00 00:00:00',''),
(155,5,184,'y','y',0,'Madaraka Estate, Nairobi, Kenya','Karen, Nairobi, Kenya','-1.304','36.8246','-1.316866','36.690329','taxify','2017-07-17 22:08:03','2017-07-17 22:08:40','00:00:37'),
(156,5,185,'y','n',0,'Madaraka Estate, Nairobi, Kenya','Karen, Nairobi, Kenya','-1.304','36.8246','-1.316866','36.690329','uber','2017-07-17 22:21:14','0000-00-00 00:00:00',''),
(157,5,186,'y','n',0,'Madaraka Estate, Nairobi, Kenya','Karen, Nairobi, Kenya','-1.304','36.8246','-1.316866','36.690329','taxify','2017-07-17 22:26:12','0000-00-00 00:00:00',''),
(158,5,187,'y','n',0,'Madaraka Estate, Nairobi, Kenya','Karen, Nairobi, Kenya','-1.304','36.8246','-1.316866','36.690329','little','2017-07-17 22:27:48','0000-00-00 00:00:00',''),
(159,5,188,'y','n',0,'Madaraka Estate, Nairobi, Kenya','Karen, Nairobi, Kenya','-1.304','36.8246','-1.316866','36.690329','taxify','2017-07-17 22:33:37','0000-00-00 00:00:00',''),
(160,5,189,'y','n',0,'Madaraka Estate, Nairobi, Kenya','Karen, Nairobi, Kenya','-1.304','36.8246','-1.316866','36.690329','taxify','2017-07-17 22:35:36','0000-00-00 00:00:00',''),
(161,5,190,'y','n',0,'Madaraka Estate, Nairobi, Kenya','Karen, Nairobi, Kenya','-1.304','36.8246','-1.316866','36.690329','taxify','2017-07-17 22:38:07','0000-00-00 00:00:00',''),
(162,5,191,'y','n',0,'Madaraka Estate, Nairobi, Kenya','Karen, Nairobi, Kenya','-1.304','36.8246','-1.316866','36.690329','mondo','2017-07-17 22:43:22','0000-00-00 00:00:00',''),
(163,5,192,'n','n',0,'280, Sarkhej - Gandhinagar Highway, Makarba, Ahmedabad, Gujarat 380015, India','Karen, Nairobi, Kenya','23.0005','72.4998','-1.316866','36.690329','little','0000-00-00 00:00:00','0000-00-00 00:00:00',''),
(164,5,193,'y','n',0,'280, Sarkhej - Gandhinagar Highway, Makarba, Ahmedabad, Gujarat 380015, India','Kalupur Road, Laxmi Bazar, Khadia, Ahmedabad, Gujarat 380002, India','23.0005','72.4998','23.0252','72.6002','taxify','2017-07-17 23:13:01','0000-00-00 00:00:00',''),
(165,5,194,'n','n',0,'280, Sarkhej - Gandhinagar Highway, Makarba, Ahmedabad, Gujarat 380015, India','Kalupur Road, Laxmi Bazar, Khadia, Ahmedabad, Gujarat 380002, India','23.0005','72.4998','23.0252','72.6002','taxify','0000-00-00 00:00:00','0000-00-00 00:00:00',''),
(166,5,195,'n','n',0,'280, Sarkhej - Gandhinagar Highway, Makarba, Ahmedabad, Gujarat 380015, India','Kalupur Road, Laxmi Bazar, Khadia, Ahmedabad, Gujarat 380002, India','23.0005','72.4998','23.0252','72.6002','little','0000-00-00 00:00:00','0000-00-00 00:00:00',''),
(167,5,196,'y','n',0,'280, Sarkhej - Gandhinagar Highway, Makarba, Ahmedabad, Gujarat 380015, India','Kalupur Road, Laxmi Bazar, Khadia, Ahmedabad, Gujarat 380002, India','23.0005','72.4998','23.0252','72.6002','uber','2017-07-17 23:39:27','0000-00-00 00:00:00',''),
(168,5,197,'n','n',0,'280, Sarkhej - Gandhinagar Highway, Makarba, Ahmedabad, Gujarat 380015, India','Kalupur Road, Laxmi Bazar, Khadia, Ahmedabad, Gujarat 380002, India','23.0015','72.5001','23.0252','72.6002','taxify','0000-00-00 00:00:00','0000-00-00 00:00:00',''),
(169,5,198,'n','n',0,'280, Sarkhej - Gandhinagar Highway, Makarba, Ahmedabad, Gujarat 380015, India','Kalupur Road, Laxmi Bazar, Khadia, Ahmedabad, Gujarat 380002, India','23.0005','72.4998','23.0252','72.6002','uber','0000-00-00 00:00:00','0000-00-00 00:00:00',''),
(170,5,199,'n','n',0,'280, Sarkhej - Gandhinagar Highway, Makarba, Ahmedabad, Gujarat 380015, India','2, Relief Road, Kalupur, Ahmedabad, Gujarat 380001, India','23.0005','72.4998','23.0283','72.5937','uber','0000-00-00 00:00:00','0000-00-00 00:00:00',''),
(171,5,200,'n','n',0,'280, Sarkhej - Gandhinagar Highway, Makarba, Ahmedabad, Gujarat 380015, India','Kalupur Road, Laxmi Bazar, Khadia, Ahmedabad, Gujarat 380002, India','23.0005','72.4998','23.0252','72.6002','little','0000-00-00 00:00:00','0000-00-00 00:00:00',''),
(172,5,201,'n','n',0,'280, Sarkhej - Gandhinagar Highway, Makarba, Ahmedabad, Gujarat 380015, India','Kalupur Road, Laxmi Bazar, Khadia, Ahmedabad, Gujarat 380002, India','23.0005','72.4997','23.0252','72.6002','uber','0000-00-00 00:00:00','0000-00-00 00:00:00',''),
(173,5,202,'n','n',0,'280, Sarkhej - Gandhinagar Highway, Makarba, Ahmedabad, Gujarat 380015, India','Kalupur Road, Laxmi Bazar, Khadia, Ahmedabad, Gujarat 380002, India','23.0005','72.4998','23.0252','72.6002','taxify','0000-00-00 00:00:00','0000-00-00 00:00:00',''),
(174,5,203,'n','n',0,'280, Sarkhej - Gandhinagar Highway, Makarba, Ahmedabad, Gujarat 380015, India','Kalupur Road, Laxmi Bazar, Khadia, Ahmedabad, Gujarat 380002, India','23.0005','72.4998','23.0252','72.6002','uber','0000-00-00 00:00:00','0000-00-00 00:00:00',''),
(175,5,204,'y','n',0,'280, Sarkhej - Gandhinagar Highway, Makarba, Ahmedabad, Gujarat 380015, India','Kalupur Road, Laxmi Bazar, Khadia, Ahmedabad, Gujarat 380002, India','23.0005','72.4998','23.0252','72.6002','uber','2017-07-18 18:07:30','0000-00-00 00:00:00',''),
(176,5,205,'y','n',0,'280, Sarkhej - Gandhinagar Highway, Makarba, Ahmedabad, Gujarat 380015, India','Kalupur Road, Laxmi Bazar, Khadia, Ahmedabad, Gujarat 380002, India','23.0005','72.4998','23.0252','72.6002','taxify','2017-07-18 18:15:48','0000-00-00 00:00:00',''),
(177,5,206,'y','n',0,'280, Sarkhej - Gandhinagar Highway, Makarba, Ahmedabad, Gujarat 380015, India','Kalupur Road, Laxmi Bazar, Khadia, Ahmedabad, Gujarat 380002, India','23.0005','72.4998','23.0252','72.6002','uber','2017-07-18 18:22:34','0000-00-00 00:00:00',''),
(178,5,207,'y','n',0,'280, Sarkhej - Gandhinagar Highway, Makarba, Ahmedabad, Gujarat 380015, India','Kalupur Road, Laxmi Bazar, Khadia, Ahmedabad, Gujarat 380002, India','23.0005','72.4998','23.0252','72.6002','uber','2017-07-18 18:36:16','0000-00-00 00:00:00',''),
(179,5,208,'y','y',0,'280, Sarkhej - Gandhinagar Highway, Makarba, Ahmedabad, Gujarat 380015, India','Kalupur Road, Laxmi Bazar, Khadia, Ahmedabad, Gujarat 380002, India','23.0005','72.4998','23.0252','72.6002','uber','2017-07-18 18:41:36','2017-07-18 18:42:59','00:01:23'),
(180,5,209,'y','y',0,'280, Sarkhej - Gandhinagar Highway, Makarba, Ahmedabad, Gujarat 380015, India','Kalupur Road, Laxmi Bazar, Khadia, Ahmedabad, Gujarat 380002, India','23.0005','72.4998','23.0252','72.6002','uber','2017-07-18 21:26:51','2017-07-18 21:28:29','00:01:38'),
(181,5,210,'y','y',0,'280, Sarkhej - Gandhinagar Highway, Makarba, Ahmedabad, Gujarat 380015, India','Kalupur Road, Laxmi Bazar, Khadia, Ahmedabad, Gujarat 380002, India','23.0005','72.4998','23.0252','72.6002','uber','2017-07-18 21:30:30','2017-07-18 21:31:13','00:00:43'),
(182,5,211,'y','y',0,'280, Sarkhej - Gandhinagar Highway, Makarba, Ahmedabad, Gujarat 380015, India','Kalupur Road, Laxmi Bazar, Khadia, Ahmedabad, Gujarat 380002, India','23.0005','72.4998','23.0252','72.6002','uber','2017-07-18 21:40:23','2017-07-18 21:42:21','00:01:58'),
(183,5,212,'y','n',0,'280, Sarkhej - Gandhinagar Highway, Makarba, Ahmedabad, Gujarat 380015, India','Kalupur Road, Laxmi Bazar, Khadia, Ahmedabad, Gujarat 380002, India','23.0005','72.4998','23.0252','72.6002','uber','2017-07-18 21:43:34','0000-00-00 00:00:00',''),
(184,5,213,'y','n',0,'280, Sarkhej - Gandhinagar Highway, Makarba, Ahmedabad, Gujarat 380015, India','Kalupur Road, Laxmi Bazar, Khadia, Ahmedabad, Gujarat 380002, India','23.0005','72.4998','23.0252','72.6002','uber','2017-07-18 21:45:24','0000-00-00 00:00:00',''),
(185,5,214,'y','n',0,'280, Sarkhej - Gandhinagar Highway, Makarba, Ahmedabad, Gujarat 380015, India','Kalupur Road, Laxmi Bazar, Khadia, Ahmedabad, Gujarat 380002, India','23.0005','72.4998','23.0252','72.6002','uber','2017-07-18 21:47:18','0000-00-00 00:00:00',''),
(186,5,215,'n','n',0,'280, Sarkhej - Gandhinagar Highway, Makarba, Ahmedabad, Gujarat 380015, India','Kalupur Road, Laxmi Bazar, Khadia, Ahmedabad, Gujarat 380002, India','23.0005','72.4998','23.0252','72.6002','uber','0000-00-00 00:00:00','0000-00-00 00:00:00',''),
(187,5,216,'y','n',0,'280, Sarkhej - Gandhinagar Highway, Makarba, Ahmedabad, Gujarat 380015, India','Kalupur Road, Laxmi Bazar, Khadia, Ahmedabad, Gujarat 380002, India','23.0005','72.4998','23.0252','72.6002','uber','2017-07-18 22:16:24','0000-00-00 00:00:00',''),
(188,5,217,'y','y',0,'280, Sarkhej - Gandhinagar Highway, Makarba, Ahmedabad, Gujarat 380015, India','Kalupur Road, Laxmi Bazar, Khadia, Ahmedabad, Gujarat 380002, India','23.0005','72.4998','23.0252','72.6002','uber','2017-07-18 22:19:54','2017-07-18 22:20:50','00:00:56'),
(189,5,218,'n','n',0,'280, Sarkhej - Gandhinagar Highway, Makarba, Ahmedabad, Gujarat 380015, India','Kalupur Road, Laxmi Bazar, Khadia, Ahmedabad, Gujarat 380002, India','23.0005','72.4998','23.0252','72.6002','little','0000-00-00 00:00:00','0000-00-00 00:00:00',''),
(190,5,219,'y','y',0,'280, Sarkhej - Gandhinagar Highway, Makarba, Ahmedabad, Gujarat 380015, India','Kalupur Road, Laxmi Bazar, Khadia, Ahmedabad, Gujarat 380002, India','23.0005','72.4998','23.0252','72.6002','taxify','2017-07-18 22:35:29','2017-07-18 22:36:31','00:01:02'),
(191,5,220,'y','y',0,'280, Sarkhej - Gandhinagar Highway, Makarba, Ahmedabad, Gujarat 380015, India','Kalupur Road, Laxmi Bazar, Khadia, Ahmedabad, Gujarat 380002, India','23.0005','72.4998','23.0252','72.6002','taxify','2017-07-18 22:36:59','2017-07-18 22:37:05','00:00:06'),
(192,5,221,'n','n',0,'280, Sarkhej - Gandhinagar Highway, Makarba, Ahmedabad, Gujarat 380015, India','Kalupur Road, Laxmi Bazar, Khadia, Ahmedabad, Gujarat 380002, India','23.0005','72.4998','23.0252','72.6002','mondo','0000-00-00 00:00:00','0000-00-00 00:00:00',''),
(193,5,222,'y','y',0,'280, Sarkhej - Gandhinagar Highway, Makarba, Ahmedabad, Gujarat 380015, India','Kalupur Road, Laxmi Bazar, Khadia, Ahmedabad, Gujarat 380002, India','23.0005','72.4998','23.0252','72.6002','taxify','2017-07-18 22:41:15','2017-07-18 22:42:54','00:01:39'),
(194,5,223,'y','y',0,'280, Sarkhej - Gandhinagar Highway, Makarba, Ahmedabad, Gujarat 380015, India','Kalupur Road, Laxmi Bazar, Khadia, Ahmedabad, Gujarat 380002, India','23.0005','72.4998','23.0252','72.6002','mondo','2017-07-18 22:43:22','2017-07-18 22:45:23','00:02:01'),
(195,5,224,'y','n',0,'280, Sarkhej - Gandhinagar Highway, Makarba, Ahmedabad, Gujarat 380015, India','Kalupur Road, Laxmi Bazar, Khadia, Ahmedabad, Gujarat 380002, India','23.0005','72.4998','23.0252','72.6002','private','2017-07-18 22:45:56','0000-00-00 00:00:00',''),
(196,5,225,'y','n',0,'280, Sarkhej - Gandhinagar Highway, Makarba, Ahmedabad, Gujarat 380015, India','Kalupur Road, Laxmi Bazar, Khadia, Ahmedabad, Gujarat 380002, India','23.0005','72.4998','23.0252','72.6002','mondo','2017-07-18 22:59:00','0000-00-00 00:00:00',''),
(197,5,226,'y','y',0,'280, Sarkhej - Gandhinagar Highway, Makarba, Ahmedabad, Gujarat 380015, India','Kalupur Road, Laxmi Bazar, Khadia, Ahmedabad, Gujarat 380002, India','23.0005','72.4997','23.0252','72.6002','taxify','2017-07-18 22:59:45','2017-07-18 23:00:13','00:00:28'),
(198,5,227,'y','y',0,'280, Sarkhej - Gandhinagar Highway, Makarba, Ahmedabad, Gujarat 380015, India','Kalupur Road, Laxmi Bazar, Khadia, Ahmedabad, Gujarat 380002, India','23.0005','72.4998','23.0252','72.6002','taxify','2017-07-18 23:01:01','2017-07-18 23:01:19','00:00:18'),
(199,5,228,'y','y',0,'280, Sarkhej - Gandhinagar Highway, Makarba, Ahmedabad, Gujarat 380015, India','Kalupur Road, Laxmi Bazar, Khadia, Ahmedabad, Gujarat 380002, India','23.0004','72.4998','23.0252','72.6002','uber','2017-07-18 23:04:13','2017-07-18 23:04:24','00:00:11'),
(200,5,229,'n','n',0,'280, Sarkhej - Gandhinagar Highway, Makarba, Ahmedabad, Gujarat 380015, India','Kalupur Road, Laxmi Bazar, Khadia, Ahmedabad, Gujarat 380002, India','23.0005','72.4998','23.0252','72.6002','private','0000-00-00 00:00:00','0000-00-00 00:00:00',''),
(201,4,230,'n','n',0,'Daidai Road, Nairobi, Kenya','Saint Hellen Lane, Nairobi, Kenya','-1.3131','36.8356','-1.336','36.7304','uber','0000-00-00 00:00:00','0000-00-00 00:00:00',''),
(202,5,231,'n','n',0,'280, Sarkhej - Gandhinagar Highway, Makarba, Ahmedabad, Gujarat 380015, India','Kalupur Road, Laxmi Bazar, Khadia, Ahmedabad, Gujarat 380002, India','23.0005','72.4998','23.0252','72.6002','uber','0000-00-00 00:00:00','0000-00-00 00:00:00',''),
(203,5,232,'y','y',0,'280, Sarkhej - Gandhinagar Highway, Makarba, Ahmedabad, Gujarat 380015, India','Kalupur Road, Laxmi Bazar, Khadia, Ahmedabad, Gujarat 380002, India','23.0005','72.4998','23.0252','72.6002','uber','2017-07-18 23:19:03','2017-07-18 23:19:08','00:00:05'),
(204,5,233,'y','y',0,'280, Sarkhej - Gandhinagar Highway, Makarba, Ahmedabad, Gujarat 380015, India','Kalupur Road, Laxmi Bazar, Khadia, Ahmedabad, Gujarat 380002, India','23.0005','72.4998','23.0252','72.6002','little','2017-07-18 23:24:11','2017-07-18 23:24:23','00:00:12'),
(205,5,234,'n','n',0,'280, Sarkhej - Gandhinagar Highway, Makarba, Ahmedabad, Gujarat 380015, India','Kalupur Road, Laxmi Bazar, Khadia, Ahmedabad, Gujarat 380002, India','23.0005','72.4998','23.0252','72.6002','mondo','0000-00-00 00:00:00','0000-00-00 00:00:00',''),
(206,5,235,'y','y',0,'280, Sarkhej - Gandhinagar Highway, Makarba, Ahmedabad, Gujarat 380015, India','Kalupur Road, Laxmi Bazar, Khadia, Ahmedabad, Gujarat 380002, India','23.0005','72.4998','23.0252','72.6002','taxify','2017-07-18 23:28:46','2017-07-18 23:29:10','00:00:24'),
(207,4,236,'y','y',0,'Karen \"C\", Nairobi, Kenya','Chiromo Lane, Nairobi, Kenya','-1.3362','36.7331','-1.2683','36.8111','uber','2017-07-19 02:35:03','2017-07-19 02:35:07','00:00:04'),
(208,4,237,'n','n',0,'Karen \"C\", Nairobi, Kenya','Dagoretti Road, Nairobi, Kenya','-1.3362','36.7331','-1.3118','36.6986','uber','0000-00-00 00:00:00','0000-00-00 00:00:00',''),
(209,4,238,'n','n',0,'Karen \"C\", Nairobi, Kenya','Chiromo Lane, Nairobi, Kenya','-1.3365','36.7331','-1.2683','36.8111','uber','0000-00-00 00:00:00','0000-00-00 00:00:00',''),
(210,5,239,'n','n',0,'280, Sarkhej - Gandhinagar Highway, Makarba, Ahmedabad, Gujarat 380015, India','Kalupur Road, Laxmi Bazar, Khadia, Ahmedabad, Gujarat 380002, India','23.0004','72.4998','23.0252','72.6002','uber','0000-00-00 00:00:00','0000-00-00 00:00:00',''),
(211,5,240,'y','y',0,'280, Sarkhej - Gandhinagar Highway, Makarba, Ahmedabad, Gujarat 380015, India','Kalupur Road, Laxmi Bazar, Khadia, Ahmedabad, Gujarat 380002, India','23.0005','72.4998','23.0252','72.6002','uber','2017-07-19 18:07:31','2017-07-19 18:08:52','00:01:21'),
(212,4,241,'n','n',0,'Loita Street, Nairobi, Kenya','Embakasi, Nairobi, Kenya','-1.2843','36.8179','-1.3227','36.9261','private','0000-00-00 00:00:00','0000-00-00 00:00:00',''),
(213,5,242,'n','n',0,'280, Sarkhej - Gandhinagar Highway, Makarba, Ahmedabad, Gujarat 380015, India','Kalupur Road, Laxmi Bazar, Khadia, Ahmedabad, Gujarat 380002, India','23.0005','72.4998','23.0252','72.6002','uber','0000-00-00 00:00:00','0000-00-00 00:00:00',''),
(214,5,243,'n','n',0,'280, Sarkhej - Gandhinagar Highway, Makarba, Ahmedabad, Gujarat 380015, India','Kalupur Road, Laxmi Bazar, Khadia, Ahmedabad, Gujarat 380002, India','23.0005','72.4998','23.0252','72.6002','uber','0000-00-00 00:00:00','0000-00-00 00:00:00',''),
(215,5,244,'y','y',0,'280, Sarkhej - Gandhinagar Highway, Makarba, Ahmedabad, Gujarat 380015, India','Kalupur Road, Laxmi Bazar, Khadia, Ahmedabad, Gujarat 380002, India','23.0005','72.4998','23.0252','72.6002','uber','2017-07-19 21:02:51','2017-07-19 21:03:09','00:00:18'),
(216,5,245,'y','y',0,'280, Sarkhej - Gandhinagar Highway, Makarba, Ahmedabad, Gujarat 380015, India','Kalupur Road, Laxmi Bazar, Khadia, Ahmedabad, Gujarat 380002, India','23.0005','72.4997','23.0252','72.6002','uber','2017-07-19 22:52:37','2017-07-19 22:52:50','00:00:13'),
(217,5,246,'n','n',0,'280, Sarkhej - Gandhinagar Highway, Makarba, Ahmedabad, Gujarat 380015, India','Kalupur Road, Laxmi Bazar, Khadia, Ahmedabad, Gujarat 380002, India','23.0004','72.4998','23.0252','72.6002','uber','0000-00-00 00:00:00','0000-00-00 00:00:00',''),
(218,5,247,'n','n',0,'280, Sarkhej - Gandhinagar Highway, Makarba, Ahmedabad, Gujarat 380015, India','Kalupur Road, Laxmi Bazar, Khadia, Ahmedabad, Gujarat 380002, India','23.0005','72.4998','23.0252','72.6002','uber','0000-00-00 00:00:00','0000-00-00 00:00:00',''),
(219,5,248,'n','n',0,'280, Sarkhej - Gandhinagar Highway, Makarba, Ahmedabad, Gujarat 380015, India','Kalupur Road, Laxmi Bazar, Khadia, Ahmedabad, Gujarat 380002, India','23.0005','72.4998','23.0252','72.6002','uber','0000-00-00 00:00:00','0000-00-00 00:00:00',''),
(220,5,249,'n','n',0,'280, Sarkhej - Gandhinagar Highway, Makarba, Ahmedabad, Gujarat 380015, India','Kalupur Road, Laxmi Bazar, Khadia, Ahmedabad, Gujarat 380002, India','23.0005','72.4998','23.0252','72.6002','uber','0000-00-00 00:00:00','0000-00-00 00:00:00',''),
(221,5,250,'y','y',0,'280, Sarkhej - Gandhinagar Highway, Makarba, Ahmedabad, Gujarat 380015, India','Kalupur Road, Laxmi Bazar, Khadia, Ahmedabad, Gujarat 380002, India','23.0004','72.4998','23.0252','72.6002','uber','2017-07-21 21:41:24','2017-07-21 21:41:36','00:00:12'),
(222,5,251,'n','n',0,'Madaraka Estate, Nairobi, Kenya','Embakasi, Nairobi, Kenya','-1.3040','36.8246','-1.3227','36.9260','uber','0000-00-00 00:00:00','0000-00-00 00:00:00',''),
(223,5,252,'n','n',0,'Madaraka Estate, Nairobi, Kenya','Embakasi, Nairobi, Kenya','-1.3040','36.8246','-1.3227','36.9260','uber','0000-00-00 00:00:00','0000-00-00 00:00:00',''),
(224,5,253,'n','n',0,'Madaraka Estate, Nairobi, Kenya','Embakasi, Nairobi, Kenya','-1.3040','36.8246','-1.3227','36.9260','uber','0000-00-00 00:00:00','0000-00-00 00:00:00',''),
(225,5,254,'n','n',0,'Madaraka Estate, Nairobi, Kenya','Embakasi, Nairobi, Kenya','-1.3040','36.8246','-1.3227','36.9260','uber','0000-00-00 00:00:00','0000-00-00 00:00:00',''),
(226,5,255,'n','n',0,'Madaraka Estate, Nairobi, Kenya','Embakasi, Nairobi, Kenya','-1.3040','36.8246','-1.3227','36.9260','uber','0000-00-00 00:00:00','0000-00-00 00:00:00',''),
(227,5,256,'n','n',0,'Madaraka Estate, Nairobi, Kenya','Embakasi, Nairobi, Kenya','-1.3040','36.8246','-1.3227','36.9260','uber','0000-00-00 00:00:00','0000-00-00 00:00:00',''),
(228,5,257,'n','n',0,'Madaraka Estate, Nairobi, Kenya','Embakasi, Nairobi, Kenya','-1.3040','36.8246','-1.3227','36.9260','uber','0000-00-00 00:00:00','0000-00-00 00:00:00',''),
(229,5,258,'n','n',0,'Madaraka Estate, Nairobi, Kenya','Embakasi, Nairobi, Kenya','-1.3040','36.8246','-1.3227','36.9260','uber','0000-00-00 00:00:00','0000-00-00 00:00:00',''),
(230,5,259,'y','y',0,'280, Sarkhej - Gandhinagar Highway, Makarba, Ahmedabad, Gujarat 380015, India','Kalupur Road, Laxmi Bazar, Khadia, Ahmedabad, Gujarat 380002, India','23.0005','72.4998','23.0252','72.6002','little','2017-07-22 23:39:06','2017-07-22 23:39:17','00:00:11');

/*Table structure for table `users` */

DROP TABLE IF EXISTS `users`;

CREATE TABLE `users` (
  `id` int(11) NOT NULL AUTO_INCREMENT,
  `media_agency_name` varchar(100) NOT NULL,
  `agent_name` varchar(35) NOT NULL,
  `email` varchar(255) NOT NULL,
  `phone` varchar(20) NOT NULL,
  `username` varchar(35) NOT NULL,
  `password` varchar(255) NOT NULL,
  `client_logo` varchar(255) NOT NULL,
  `user_status` int(11) NOT NULL,
  `activation_status` varchar(255) NOT NULL,
  `required_password_reset` enum('Y','N') DEFAULT 'N',
  PRIMARY KEY (`id`)
) ENGINE=InnoDB AUTO_INCREMENT=82 DEFAULT CHARSET=latin1;

/*Data for the table `users` */

insert  into `users`(`id`,`media_agency_name`,`agent_name`,`email`,`phone`,`username`,`password`,`client_logo`,`user_status`,`activation_status`,`required_password_reset`) values 
(33,'XYZ ltd','MR. X','x@xmail.com','7894564564','newAdmin','78513bee5944aef96a73202bad80f5dc','assets/client_logo/logo.png',1,'activate','N'),
(34,'datepicker test','test','test@g.com','9090909909','testing','test@1234','',0,'','N'),
(35,'Demo Agency','Demo Agent','demo@demo.com','7897544887','demo','fe01ce2a7fbac8fafaed7c982a04e229','',0,'activate','N'),
(36,'test agency','test name','test@hotmail.com','7894561234','testuser','test1234','',0,'','N'),
(37,'ABC Consulting','Terry Mark','tmark@gmail.com','1233543567','qazwsx','xoom1006','',0,'','N'),
(38,'Smith & Co.Ltd','spd smiths','sumit@xoomsolutions.com','0729306047','smith','da7034779da1962c815593f50e2b69a8','',0,'','Y'),
(39,'test user agency','test agent','test@g.com','4464465456','testusers','16d7a4fca7442dda3ad93c9a726597e4','',0,'','N'),
(41,'fkj','ddf','sumit.solanki000@yahoo.in','7789789789','sdsds','b17f8fc52622636020a0db2585a113c0','',0,'','N'),
(43,'dsa','dsa','sumitsolanki1212@gmail.com','2313213213','sadsa','bede0655294e256cd3b3e5aa29cf759c','',0,'','N'),
(45,'A & co.ltd','ajay','ajay@ajayco.com','7879887894','ajay','efa545d71e354efbfa6cbe8bbae9ed67','',0,'','N'),
(46,'B & Co.Ltd','bina','bina@co.com','3211313111','bina','f426bc06be7ac0209d3a562024f7fd28','',0,'','N'),
(48,'fkj','dsa','sumitsolanki1212@gmail.com','7789789789','sda','f7d6059a79a45a1af178e9026ba80632','',0,'','N'),
(49,'Dorsal Excel Works','Terry','rajesh@xoomsolutions.com','1234567890','rcmdorsal','e941be6c21274bf71dc99ca0c9d11cff','',0,'','Y'),
(50,'Dorsal','Ted','itedopiyo@gmail.com','0729306047','demo','f6735a6c9bf20621377a6d5259b89c9d','',0,'','N'),
(51,'rydlr','dorsal','rydlr@dorsal.com','9988988898','dorsal','6b0c7d7bd9289937ae4354cfff53e7ad','assets/client_logo/logo.png',0,'','N'),
(52,'test','test','test@gmail.com','7789789789','testuser','78513bee5944aef96a73202bad80f5dc','assets/client_logo/any_query.PNG',1,'activate','N'),
(54,'logo test','logo agent','logo@test.com','7878777987','logo','32628bcf4b9b9fefac27c3d56f2fb8ed','assets/client_logo/14962985444047.png',0,'','N'),
(57,'a1','c1','rajesh@xoomsolutions.com','3432542545','rcmxoom','92092775d74b25bbd7259e625b030389','assets/client_logo/14972719372526.png',0,'','N'),
(58,'dsa','dsa','dda@gmail.com','7879887988','dssadads','f7c50b1d08135cbeb33a478e9ca9d52a','assets/client_logo/14972720444460.jpg',0,'','N'),
(60,'XYZ & LTD','Yogesh','sumit@xoomsolutions.com','789456123','yogesh','2172c56e67f5004d0d0cb74588a320a0','assets/client_logo/14974399133923.png',0,'','N'),
(61,'XYZ & LTD','Yogesh','sumit@xoomsolutions.com','789456123','yogesh','a8bbc44a6a7786fbfab6e0fd290470f4','assets/client_logo/14974399152058.png',0,'activate','N'),
(62,'fkj','sada','sumit.solanki000@yahoo.in','778978978','sda','637534835cb265c5e844f6d2e76a79b0','assets/client_logo/14975216211904.PNG',0,'','N'),
(63,'server test','test','sumit@xoomsolutions.com','112233445','testuser','78513bee5944aef96a73202bad80f5dc','assets/client_logo/14976169911720.PNG',1,'activate','N'),
(64,'qaz','wsx','rcmehta@hotmail.com','434341431','rcm_xoom','8ac32d2e30bdd776c37b73647bd956e5','assets/client_logo/14976344823558.png',0,'activate','N'),
(65,'qaz','wsx','rajesh@xoomsolutions.com','343435554','demo','d109ad8c1a64f009a86d58fb7064dae7','assets/client_logo/14978788781952.jpg',0,'activate','N'),
(66,'abc','xyz','sumit@xoomsolutions.com','123123123','sumit','40f3c433d5195867f37101600b207700','assets/client_logo/14979396161633.jpg',0,'activate','N'),
(67,'main','tain','sumit@xoomsolutions.com','123123123','sumit','62081bedc7440b8de8c4eb32fcca9d88','assets/client_logo/14979406922425.PNG',0,'activate','N'),
(69,'Mitchel ','Starc','sumit@xoomsolutions.com','122131321','starc','646e57ad9a720d97108f82ea0d3bfd0e','assets/client_logo/14981086453248.PNG',0,'activate','N'),
(71,'me & my agency','John Carter','sumit@xoomsolutions.com','123213212','demo','d109ad8c1a64f009a86d58fb7064dae7','assets/client_logo/14982032781273.PNG',0,'activate','N'),
(73,'admin','admin','sumit@xoomsolutions.com','112233445','admin','0e7517141fb53f21ee439b355b5a1d0a','assets/client_logo/14982260891296.png',1,'activate','N'),
(74,'price','table','sumit@xoomsolutions.com','133123121','price','cf43a4d4b1178e9de42955146061b907','assets/client_logo/1498303492812.png',0,'activate','N'),
(75,'qaz','wsx','qaz@wsx.com','456465465','qazwsx','0a506505565f6283c2c21071a4ec3372','assets/client_logo/14985594574165.png',0,'','N'),
(76,'Scanad','BETA','digital@dorsalmedia.co.ke','112233445','Scanad.BETA','8bed6a3b4a8c28a0b64eaaf4dd9042b2','',0,'activate','N'),
(77,'Mediacom','BETA','digital@dorsalmedia.co.ke','778877777','Mediacom.BETA','8bed6a3b4a8c28a0b64eaaf4dd9042b2','',0,'activate','N'),
(78,'Redhouse','BETA','digital@dorsalmedia.co.ke','112233445','Redhouse.BETA','8bed6a3b4a8c28a0b64eaaf4dd9042b2','',0,'activate','N'),
(79,'Express','BETA','digital@dorsalmedia.co.ke','112233445','Express.BETA','8bed6a3b4a8c28a0b64eaaf4dd9042b2','',0,'activate','N');

/*!40101 SET SQL_MODE=@OLD_SQL_MODE */;
/*!40014 SET FOREIGN_KEY_CHECKS=@OLD_FOREIGN_KEY_CHECKS */;
/*!40014 SET UNIQUE_CHECKS=@OLD_UNIQUE_CHECKS */;
/*!40111 SET SQL_NOTES=@OLD_SQL_NOTES */;
